bodyId,type,t_ms
53065,Mi1,11.7
53065,Mi1,29.1
53065,Mi1,43.9
53065,Mi1,59.300000000000004
53065,Mi1,76.1
53065,Mi1,90.6
53065,Mi1,105.2
53065,Mi1,121.50000000000001
53065,Mi1,137.8
53065,Mi1,153.10000000000002
53065,Mi1,170.20000000000002
53065,Mi1,187.0
53065,Mi1,201.1
53065,Mi1,217.2
53065,Mi1,231.70000000000002
53065,Mi1,246.3
53065,Mi1,262.6
53065,Mi1,278.8
53065,Mi1,294.8
53065,Mi1,309.8
53065,Mi1,325.90000000000003
53065,Mi1,342.0
53065,Mi1,356.1
53065,Mi1,372.5
53065,Mi1,386.59999999999997
53065,Mi1,402.40000000000003
53065,Mi1,418.6
53065,Mi1,434.3
53065,Mi1,449.59999999999997
53065,Mi1,466.3
53065,Mi1,481.40000000000003
53065,Mi1,497.0
53065,Mi1,512.1999999999999
53065,Mi1,527.6
53065,Mi1,544.2
53065,Mi1,558.3
53065,Mi1,573.9000000000001
53065,Mi1,588.8
53065,Mi1,604.2
53065,Mi1,621.6
53065,Mi1,636.1999999999999
53065,Mi1,652.1999999999999
53065,Mi1,669.7
53065,Mi1,686.1
53065,Mi1,701.2
53065,Mi1,718.8
53065,Mi1,734.7
53065,Mi1,749.0
53065,Mi1,764.5
53065,Mi1,779.8000000000001
34057,Mi1,784.5000000000001
35405,Mi1,785.5000000000001
34849,Mi1,786.7
36252,Mi1,786.8000000000001
53065,Mi1,798.2
35405,Mi1,804.2
36252,Mi1,804.4
34849,Mi1,804.9000000000001
34057,Mi1,805.1
53065,Mi1,814.2
35405,Mi1,819.9000000000001
34849,Mi1,820.0
36252,Mi1,820.2
34057,Mi1,821.0
53065,Mi1,832.2
36252,Mi1,835.5
35405,Mi1,835.6
34849,Mi1,836.2
34057,Mi1,837.0000000000001
71052,T2a,839.6999999999999
53065,Mi1,846.6
35405,Mi1,849.8
34849,Mi1,851.0000000000001
36252,Mi1,851.5
34057,Mi1,852.3000000000001
53065,Mi1,862.5
35405,Mi1,865.1
34849,Mi1,865.6
34057,Mi1,868.1
36252,Mi1,869.2
53065,Mi1,877.1
35405,Mi1,880.7
34849,Mi1,882.0
34057,Mi1,883.4000000000001
36252,Mi1,883.8000000000001
71052,T2a,886.1999999999999
53065,Mi1,893.6
34849,Mi1,897.6
35405,Mi1,898.1999999999999
34057,Mi1,898.6
36252,Mi1,899.1999999999999
53065,Mi1,908.1999999999999
34849,Mi1,912.3
34057,Mi1,913.8000000000001
35405,Mi1,915.4
36252,Mi1,915.8000000000001
33462,Mi1,917.1
33907,Mi1,919.2
51122,Mi1,919.9
35498,Mi1,921.2
532850,Tm3,921.8000000000001
53065,Mi1,924.1
34849,Mi1,928.9000000000001
34057,Mi1,929.7
36252,Mi1,930.1
71052,T2a,931.6
35405,Mi1,931.8000000000001
33462,Mi1,934.7
51122,Mi1,935.4
35498,Mi1,937.5
33907,Mi1,938.3
53065,Mi1,938.8000000000001
73828,Tm3,940.3
118924,Tm3,941.9000000000001
34849,Mi1,942.8000000000001
34057,Mi1,946.3
36252,Mi1,946.3
35405,Mi1,949.0
33462,Mi1,950.4
51122,Mi1,951.0
35498,Mi1,953.6
53065,Mi1,953.6
33907,Mi1,955.2
83365,T2a,955.5
82145,T2a,956.6
34849,Mi1,958.3000000000001
34057,Mi1,961.3000000000001
36252,Mi1,962.4
532850,Tm3,963.6
35405,Mi1,965.1
33462,Mi1,966.0000000000001
71052,T2a,966.5
51122,Mi1,967.1
35498,Mi1,968.6999999999999
53065,Mi1,969.9000000000001
33907,Mi1,970.4
34849,Mi1,974.0000000000001
118924,Tm3,974.1
79345,T2a,974.2
34057,Mi1,976.5
76325,T2a,978.0000000000001
36252,Mi1,978.2
35405,Mi1,979.9
33462,Mi1,980.3000000000001
73828,Tm3,981.1
51122,Mi1,983.1
35498,Mi1,985.6
33907,Mi1,986.5
83365,T2a,986.7
53065,Mi1,987.1
34849,Mi1,990.4000000000001
34057,Mi1,992.2
36252,Mi1,993.1
35405,Mi1,993.9
33462,Mi1,994.4000000000001
51122,Mi1,998.1
532850,Tm3,999.8
35498,Mi1,1002.0
53065,Mi1,1002.0
33907,Mi1,1002.8000000000001
34849,Mi1,1003.5
71052,T2a,1006.0
34057,Mi1,1007.9
33462,Mi1,1008.8000000000001
35405,Mi1,1008.9000000000001
36252,Mi1,1009.3000000000001
69597,Tm3,1010.3
34356,Mi1,1012.9000000000001
56564,Mi1,1013.1000000000001
76325,T2a,1013.8000000000001
37000,Mi1,1013.9
42119,Mi1,1014.0
51122,Mi1,1014.3
52328,TmY3,1015.0000000000001
118924,Tm3,1016.1999999999999
34849,Mi1,1016.4999999999999
53065,Mi1,1017.0000000000001
35498,Mi1,1017.1000000000001
83365,T2a,1017.6
33907,Mi1,1018.1
73828,Tm3,1018.5999999999999
50333,TmY3,1021.8000000000001
79345,T2a,1022.0
33462,Mi1,1023.1000000000001
34057,Mi1,1023.8000000000001
35405,Mi1,1023.9
36252,Mi1,1024.8000000000002
71052,T2a,1028.1
56564,Mi1,1029.0000000000002
88337,Tm3,1029.0000000000002
42119,Mi1,1030.0
37000,Mi1,1030.3
34356,Mi1,1030.5
51122,Mi1,1030.8
34849,Mi1,1031.5
53065,Mi1,1033.0000000000002
35498,Mi1,1033.1000000000001
33907,Mi1,1033.2
35017,Mi1,1035.5
82145,T2a,1035.5
35770,Mi1,1035.7
34479,Mi1,1035.8
65671,Mi1,1036.0
35840,Mi1,1036.2
55976,Mi1,1036.3
532850,Tm3,1036.3
35836,Mi1,1036.5
34189,Mi1,1036.8
33462,Mi1,1038.3999999999999
66808,Tm3,1038.3999999999999
34057,Mi1,1038.7
101772,Tm3,1038.8
35405,Mi1,1039.0000000000002
69597,Tm3,1040.9
61401,T2a,1041.3000000000002
36252,Mi1,1041.6000000000001
83365,T2a,1042.2
69380,Tm3,1042.5
50333,TmY3,1042.6
56564,Mi1,1042.9
42119,Mi1,1044.0
34356,Mi1,1045.6000000000001
37000,Mi1,1045.6000000000001
51122,Mi1,1045.6000000000001
34849,Mi1,1046.0
53065,Mi1,1046.6
35498,Mi1,1047.0000000000002
74023,T2a,1047.5
45005,TmY3,1047.9
66214,T2a,1049.2
33907,Mi1,1049.5
118924,Tm3,1049.6000000000001
71052,T2a,1049.8
55976,Mi1,1050.5
52328,TmY3,1050.6
73828,Tm3,1050.7
35017,Mi1,1051.1000000000001
73096,T2a,1051.2
34479,Mi1,1051.3000000000002
65671,Mi1,1051.3000000000002
35836,Mi1,1052.0
33462,Mi1,1052.4
34057,Mi1,1052.8
34189,Mi1,1052.8
35840,Mi1,1052.8
35770,Mi1,1053.0000000000002
35405,Mi1,1053.2
75848,T2a,1053.5
74373,Tm3,1053.5
51231,TmY3,1055.1000000000001
36252,Mi1,1055.2
79345,T2a,1055.7
66808,Tm3,1055.8
101772,Tm3,1055.8
76325,T2a,1056.0
77383,T2a,1056.6
56564,Mi1,1057.7
51122,Mi1,1058.2
42119,Mi1,1058.7
54885,TmY3,1058.7
47368,TmY3,1059.4
37000,Mi1,1059.5
34849,Mi1,1059.9
34356,Mi1,1060.1
66325,Tm3,1060.3
76524,Tm3,1060.3
131823,Tm3,1060.8
85937,Tm3,1061.0
35498,Mi1,1061.2
82507,T2a,1061.6000000000001
53065,Mi1,1062.0
83365,T2a,1063.3000000000002
50333,TmY3,1063.9
79257,Tm3,1063.9
532850,Tm3,1064.1000000000001
69597,Tm3,1064.7
33907,Mi1,1065.4
65671,Mi1,1065.4
55976,Mi1,1065.6000000000001
71052,T2a,1066.0
34479,Mi1,1066.2
35017,Mi1,1066.2
35836,Mi1,1066.8999999999999
33462,Mi1,1067.0
34057,Mi1,1067.2
35770,Mi1,1067.2
35405,Mi1,1067.8
34189,Mi1,1067.9
35840,Mi1,1068.4
62272,T2,1069.2
69380,Tm3,1069.5
36252,Mi1,1070.0
78805,T2a,1070.4
118924,Tm3,1070.7
66808,Tm3,1071.0
101772,Tm3,1071.9
34849,Mi1,1073.0
82145,T2a,1073.1
42119,Mi1,1073.2
52328,TmY3,1073.2
82639,T2a,1073.3000000000002
74023,T2a,1073.4
51122,Mi1,1073.6000000000001
45005,TmY3,1073.7
34356,Mi1,1074.0
56564,Mi1,1074.1000000000001
35498,Mi1,1076.1000000000001
37000,Mi1,1076.4
73828,Tm3,1076.6
66214,T2a,1076.6
77480,Tm3,1077.4
59397,Mi1,1077.7
53065,Mi1,1078.1000000000001
33655,Mi1,1078.6
50333,TmY3,1078.8999999999999
54211,TmY3,1079.1
62340,T2,1079.3000000000002
54087,Mi1,1079.8000000000002
34057,Mi1,1079.9
51231,TmY3,1079.9
33907,Mi1,1080.1000000000001
34479,Mi1,1080.8999999999999
35770,Mi1,1081.0
55976,Mi1,1081.1
36540,Mi1,1081.1
35017,Mi1,1081.7
69597,Tm3,1081.7
65671,Mi1,1082.0
61401,T2a,1082.1000000000001
35836,Mi1,1082.3
33462,Mi1,1082.7
34189,Mi1,1083.5
35405,Mi1,1083.5
35840,Mi1,1083.9
36252,Mi1,1085.8000000000002
21336,LC4,1086.2
66808,Tm3,1086.4
80302,T2a,1086.4
74228,Tm3,1086.5
83365,T2a,1086.8
51122,Mi1,1087.5
77383,T2a,1087.7
34849,Mi1,1088.1000000000001
75848,T2a,1088.2
34356,Mi1,1088.4
56564,Mi1,1088.7
37948,Mi1,1088.8
38767,Mi1,1088.8
76325,T2a,1088.8
34369,Mi1,1089.0
42119,Mi1,1089.1999999999998
63420,Mi1,1089.3000000000002
47368,TmY3,1089.4
75521,T2a,1089.4
69380,Tm3,1089.6000000000001
35498,Mi1,1090.3
71773,T2a,1090.3
76524,Tm3,1091.1
37000,Mi1,1091.1999999999998
101772,Tm3,1091.9
59397,Mi1,1092.3
53065,Mi1,1092.8
73096,T2a,1092.8
34057,Mi1,1093.0
65106,T2,1093.3000000000002
66325,Tm3,1093.3000000000002
71052,T2a,1093.3000000000002
54087,Mi1,1093.6000000000001
33655,Mi1,1094.0
532850,Tm3,1094.1000000000001
34862,Mi1,1094.4
33446,Mi1,1094.7
35770,Mi1,1095.0
50333,TmY3,1095.0
34479,Mi1,1095.1
37019,Mi1,1095.1999999999998
33907,Mi1,1095.3000000000002
55976,Mi1,1095.6000000000001
32893,Mi1,1096.1000000000001
34045,Mi1,1096.3
35017,Mi1,1096.6
39158,Mi1,1096.6
41809,Mi1,1096.6
33462,Mi1,1096.8
65671,Mi1,1096.8
38479,Mi1,1097.0
36540,Mi1,1097.1
35405,Mi1,1098.1000000000001
51231,TmY3,1098.4
35836,Mi1,1098.6
34189,Mi1,1099.2
74023,T2a,1099.7
35840,Mi1,1099.8000000000002
79257,Tm3,1100.5
36252,Mi1,1100.6
34849,Mi1,1101.0
78422,Tm3,1101.3
54885,TmY3,1101.6000000000001
79345,T2a,1101.8000000000002
88951,Tm3,1102.0
66808,Tm3,1102.1000000000001
73807,Tm3,1102.1000000000001
69793,T2a,1102.3
52328,TmY3,1102.6
34356,Mi1,1103.0
45005,TmY3,1103.1
51122,Mi1,1103.4
136741,Tm3,1103.5000000000002
34369,Mi1,1104.0
47962,TmY3,1104.0
82507,T2a,1104.2
78561,Tm3,1104.3
38767,Mi1,1104.4
42119,Mi1,1104.4
83365,T2a,1104.7
56564,Mi1,1104.8
37948,Mi1,1105.0
131823,Tm3,1105.1
35498,Mi1,1105.3
37000,Mi1,1105.9
71161,T2a,1105.9
21313,LC4,1106.4
63420,Mi1,1106.8999999999999
34057,Mi1,1107.1
53065,Mi1,1107.2
59397,Mi1,1107.2
122308,Tm3,1107.3
64579,T2,1107.5000000000002
66214,T2a,1107.5000000000002
74373,Tm3,1107.5000000000002
16138,LC4,1107.6000000000001
69597,Tm3,1107.7
61401,T2a,1107.9
118924,Tm3,1108.4
35770,Mi1,1108.7
101772,Tm3,1109.0
33655,Mi1,1109.1
47368,TmY3,1109.1
34479,Mi1,1109.5000000000002
73828,Tm3,1109.5000000000002
33907,Mi1,1109.6000000000001
54087,Mi1,1109.6000000000001
33446,Mi1,1110.1000000000001
34862,Mi1,1110.4
35017,Mi1,1110.4
37019,Mi1,1110.6
39158,Mi1,1110.6
38479,Mi1,1110.8
77480,Tm3,1111.2
33462,Mi1,1111.3
21336,LC4,1111.3999999999999
36540,Mi1,1111.3999999999999
32893,Mi1,1111.5000000000002
50333,TmY3,1111.5000000000002
82145,T2a,1111.6000000000001
55976,Mi1,1111.9
69380,Tm3,1112.0
67719,T2a,1112.1000000000001
34045,Mi1,1112.2
35405,Mi1,1112.4
62272,T2,1112.4
65671,Mi1,1112.5
73284,T2a,1113.0
36533,Mi1,1113.3
36446,Mi1,1113.3999999999999
36954,Mi1,1113.5000000000002
41809,Mi1,1113.5000000000002
117627,Tm3,1113.5000000000002
34189,Mi1,1113.6000000000001
58862,Mi1,1113.6000000000001
36217,Mi1,1113.7
78805,T2a,1113.7
34933,Mi1,1114.0
36252,Mi1,1114.1000000000001
49324,Mi1,1114.5
35836,Mi1,1114.6
74228,Tm3,1114.9
34849,Mi1,1115.1
77383,T2a,1115.1
35840,Mi1,1115.3999999999999
49372,TmY3,1115.5000000000002
69916,T2,1115.6000000000001
74023,T2a,1115.7
85937,Tm3,1115.7
33942,Mi1,1116.2
34356,Mi1,1116.7
42006,TmY3,1116.7
75521,T2a,1116.7
88337,Tm3,1116.7
74231,Tm3,1116.8
76524,Tm3,1116.8
61659,Tm3,1117.0
66980,T2a,1117.0
83227,Tm3,1117.0
68522,T2a,1117.2
68562,T2a,1117.2
23392,LC4,1117.2
51122,Mi1,1117.3
76325,T2a,1117.3
81995,Tm3,1117.6000000000001
10001,DNp01,1117.7
42119,Mi1,1117.8000000000002
88035,Tm3,1117.8000000000002
80302,T2a,1118.1000000000001
20808,LC4,1118.2
66808,Tm3,1118.6
38767,Mi1,1118.7
85737,T2a,1118.7
51231,TmY3,1119.0
56564,Mi1,1119.0
34369,Mi1,1119.1
54885,TmY3,1119.2
82639,T2a,1119.2
53075,TmY3,1119.3
73586,Tm3,1120.0
34057,Mi1,1120.2
37000,Mi1,1120.2
52328,TmY3,1120.5
35498,Mi1,1120.6
71052,T2a,1120.7
75848,T2a,1120.7
63420,Mi1,1121.2
127615,Tm3,1121.2
59397,Mi1,1121.5000000000002
70112,T2,1121.5000000000002
37948,Mi1,1121.7
69978,T2,1121.8000000000002
66325,Tm3,1121.9
35770,Mi1,1122.1000000000001
54211,TmY3,1122.2
49930,TmY3,1122.6
53065,Mi1,1122.6
77676,T2a,1122.7
82282,Tm3,1123.0
33907,Mi1,1123.5
16138,LC4,1123.6000000000001
73096,T2a,1123.8000000000002
33655,Mi1,1123.9
77991,Tm3,1123.9
33446,Mi1,1124.0
101772,Tm3,1124.4
54087,Mi1,1124.5
35017,Mi1,1124.5
39158,Mi1,1124.6
62340,T2,1124.7
47368,TmY3,1125.0
34479,Mi1,1125.2
50333,TmY3,1125.3999999999999
34862,Mi1,1125.5
37599,Mi1,1125.6000000000001
38479,Mi1,1125.7
33462,Mi1,1125.8000000000002
37019,Mi1,1126.3
21313,LC4,1126.4
526158,Mi1,1126.5
35405,Mi1,1126.6
21336,LC4,1126.8
69380,Tm3,1127.0
34045,Mi1,1127.1
71773,T2a,1127.2
36217,Mi1,1127.3
69597,Tm3,1127.3
36540,Mi1,1127.3999999999999
65671,Mi1,1127.3999999999999
41809,Mi1,1127.6000000000001
37631,Mi1,1127.9
36446,Mi1,1128.1000000000001
55976,Mi1,1128.1000000000001
34849,Mi1,1128.3
36533,Mi1,1128.3
34189,Mi1,1128.4
58862,Mi1,1128.5
36252,Mi1,1128.7
35836,Mi1,1129.0
32893,Mi1,1129.1
35602,Mi1,1129.2
74937,T2a,1129.2
83365,T2a,1129.2
36954,Mi1,1129.7
70239,T2,1129.7
36994,Mi1,1129.8000000000002
47962,TmY3,1129.9
23392,LC4,1130.0
34933,Mi1,1130.0
55101,Mi1,1130.0
34356,Mi1,1130.1000000000001
49324,Mi1,1130.1000000000001
532850,Tm3,1130.3
35428,Mi1,1130.3
10001,DNp01,1130.3
45005,TmY3,1130.8
79345,T2a,1130.8
34300,Mi1,1130.9
35218,Mi1,1131.0
38893,Mi1,1131.1
127153,Tm3,1131.1
65513,T2a,1131.2
35840,Mi1,1131.3999999999999
42119,Mi1,1131.3999999999999
79257,Tm3,1131.3999999999999
78561,Tm3,1131.5
35580,Mi1,1131.6000000000001
70800,Tm3,1131.6000000000001
122308,Tm3,1131.8000000000002
51122,Mi1,1131.8000000000002
36410,Mi1,1131.8000000000002
33942,Mi1,1131.8000000000002
39743,Mi1,1131.8000000000002
72558,T2a,1132.0
67113,Mi1,1132.2
52485,TmY3,1132.4
78968,Tm3,1132.4
65106,T2,1132.5
68842,TmY3,1132.6000000000001
75521,T2a,1132.6000000000001
34369,Mi1,1132.7
38767,Mi1,1132.9
122233,Tm3,1132.9
77383,T2a,1133.1
66956,T2,1133.1
35845,Mi1,1133.1
65298,T2a,1133.1
56564,Mi1,1133.6000000000001
118924,Tm3,1133.7
35498,Mi1,1133.8000000000002
66808,Tm3,1133.8000000000002
74023,T2a,1133.8000000000002
117627,Tm3,1133.8000000000002
69540,TmY3,1134.0
125171,Tm3,1134.1000000000001
88951,Tm3,1134.2
34057,Mi1,1134.3
37000,Mi1,1134.4
74373,Tm3,1134.5
77480,Tm3,1134.5
38238,Mi1,1134.5
71019,T2,1134.8
68982,Tm3,1134.9
73828,Tm3,1134.9
69793,T2a,1135.1
71161,T2a,1135.3999999999999
59397,Mi1,1135.5
66214,T2a,1135.7
74228,Tm3,1135.8000000000002
132834,Tm3,1135.9
63420,Mi1,1136.1000000000001
35770,Mi1,1136.4
78854,T2a,1136.7
72955,T2a,1136.7
54885,TmY3,1137.2
50333,TmY3,1137.3
33907,Mi1,1137.5
23098,LC4,1137.6
53065,Mi1,1137.6
51231,TmY3,1137.7
73284,T2a,1137.7
124490,Tm3,1137.7
37948,Mi1,1137.8000000000002
61401,T2a,1137.8000000000002
21313,LC4,1137.9
33655,Mi1,1138.1000000000001
39275,Mi1,1138.1000000000001
16138,LC4,1138.2
34899,Mi1,1138.4
44244,TmY3,1138.5
34079,Mi1,1138.5
34862,Mi1,1138.6000000000001
35100,Mi1,1138.7
33446,Mi1,1138.8
35017,Mi1,1138.9
39158,Mi1,1138.9
54087,Mi1,1139.0
36452,Mi1,1139.2
33462,Mi1,1139.5
72279,Mi1,1139.7
78422,Tm3,1139.8000000000002
38479,Mi1,1139.9
68562,T2a,1139.9
37568,Mi1,1140.0
40026,TmY3,1140.1000000000001
80302,T2a,1140.1000000000001
79646,Tm3,1140.2
34479,Mi1,1140.3
23392,LC4,1140.5
36540,Mi1,1140.5
65671,Mi1,1140.8
66980,T2a,1141.0
76524,Tm3,1141.0
35152,Mi1,1141.1
21336,LC4,1141.2
36252,Mi1,1141.3999999999999
37019,Mi1,1141.3999999999999
526158,Mi1,1141.5
10001,DNp01,1141.6
20808,LC4,1141.6
37599,Mi1,1141.7
82145,T2a,1141.8000000000002
47368,TmY3,1141.9
52328,TmY3,1141.9
34045,Mi1,1142.0
35405,Mi1,1142.0
36446,Mi1,1142.0
36217,Mi1,1142.1000000000001
74231,Tm3,1142.1000000000001
87390,T2a,1142.3000000000002
68522,T2a,1142.5
101772,Tm3,1142.5
69380,Tm3,1142.6000000000001
37631,Mi1,1143.1
75484,Tm3,1143.1
81995,Tm3,1143.2
34189,Mi1,1143.2
58862,Mi1,1143.3999999999999
34849,Mi1,1143.6
35836,Mi1,1143.6
36533,Mi1,1143.6
41809,Mi1,1143.6
42006,TmY3,1143.7
62560,T2,1143.8000000000002
34356,Mi1,1144.0
49324,Mi1,1144.0
43334,TmY3,1144.1000000000001
55976,Mi1,1144.4
82507,T2a,1144.4
66325,Tm3,1144.8
36994,Mi1,1144.9
35602,Mi1,1145.0
32893,Mi1,1145.1
76325,T2a,1145.1
67150,T2a,1145.3999999999999
34369,Mi1,1145.5
42119,Mi1,1145.5
33942,Mi1,1145.6
34933,Mi1,1145.6
36954,Mi1,1145.8000000000002
62272,T2,1145.8000000000002
35428,Mi1,1145.9
51122,Mi1,1145.9
36410,Mi1,1146.1000000000001
71052,T2a,1146.1000000000001
127615,Tm3,1146.4
92993,Tm3,1146.4
55101,Mi1,1146.4
38893,Mi1,1146.4
35840,Mi1,1146.4
34300,Mi1,1146.4
65542,T2,1147.0
35218,Mi1,1147.5
78108,T2a,1147.5
83365,T2a,1147.5
35580,Mi1,1147.6
39743,Mi1,1147.8000000000002
35498,Mi1,1147.9
56564,Mi1,1148.1000000000001
34057,Mi1,1148.2
67719,T2a,1148.4
37000,Mi1,1148.5
35845,Mi1,1148.8
49372,TmY3,1148.9
67113,Mi1,1148.9
53075,TmY3,1149.0
21313,LC4,1149.1
74023,T2a,1149.2
77676,T2a,1149.2
37371,Mi1,1149.3999999999999
800146,TTMn,1149.3999999999999
74725,T2a,1149.5
120231,Tm3,1149.5
35888,Mi1,1149.6
69597,Tm3,1149.6
77991,Tm3,1149.6
79293,Tm3,1149.6
83227,Tm3,1149.6999999999998
34296,Mi1,1149.6999999999998
36177,Mi1,1149.8000000000002
37270,Mi1,1149.8000000000002
59397,Mi1,1149.8000000000002
61659,Tm3,1149.8000000000002
68982,Tm3,1149.8000000000002
122233,Tm3,1149.8000000000002
35770,Mi1,1149.9
37353,Mi1,1150.0
45005,TmY3,1150.0
37853,Mi1,1150.1000000000001
38133,Mi1,1150.1000000000001
82855,Tm3,1150.1000000000001
136741,Tm3,1150.2
37529,Mi1,1150.2
70289,Mi1,1150.3000000000002
35806,Mi1,1150.3000000000002
38767,Mi1,1150.3000000000002
47962,TmY3,1150.4
36911,Mi1,1150.5
66808,Tm3,1150.5
33655,Mi1,1150.8
50333,TmY3,1150.8
37699,Mi1,1150.9
38238,Mi1,1150.9
54211,TmY3,1150.9
75377,T2a,1150.9
73096,T2a,1151.0
75848,T2a,1151.2
33907,Mi1,1151.3
35934,Mi1,1151.3
109593,Tm3,1151.3999999999999
71398,Tm3,1151.5
35234,Mi1,1151.6999999999998
35897,Mi1,1151.9
75521,T2a,1151.9
78805,T2a,1152.1000000000001
53065,Mi1,1152.5
21336,LC4,1152.6000000000001
542412,Mi1,1152.7
33446,Mi1,1152.8
37037,Mi1,1152.8
23392,LC4,1152.9
34862,Mi1,1152.9
34479,Mi1,1153.2
69978,T2,1153.2
33462,Mi1,1153.2
49930,TmY3,1153.3
64579,T2,1153.3
78968,Tm3,1153.3
35017,Mi1,1153.3999999999999
37948,Mi1,1153.6
39158,Mi1,1153.6999999999998
16138,LC4,1153.8000000000002
72558,T2a,1153.8000000000002
79257,Tm3,1153.8000000000002
35712,Mi1,1153.9
73807,Tm3,1153.9
39275,Mi1,1154.0
48475,TmY3,1154.0
34899,Mi1,1154.1000000000001
63420,Mi1,1154.2
51231,TmY3,1154.2
40854,Mi1,1154.2
132339,Tm3,1154.3000000000002
34079,Mi1,1154.4
35405,Mi1,1154.4
54087,Mi1,1154.6000000000001
36452,Mi1,1154.7
69916,T2,1154.7
10001,DNp01,1154.9
35100,Mi1,1154.9
36139,Mi1,1155.1
72279,Mi1,1155.1
38479,Mi1,1155.3
122308,Tm3,1155.3999999999999
71773,T2a,1155.5
72829,T2a,1155.6
36540,Mi1,1155.6
47368,TmY3,1155.6999999999998
71475,Tm3,1155.6999999999998
77480,Tm3,1155.6999999999998
65671,Mi1,1156.0000000000002
36446,Mi1,1156.1000000000001
526158,Mi1,1156.1000000000001
37568,Mi1,1156.3000000000002
41545,Mi1,1156.3000000000002
54885,TmY3,1156.3000000000002
34849,Mi1,1156.4
73586,Tm3,1156.4
34463,Mi1,1156.5
532850,Tm3,1156.5
40596,Mi1,1156.7
35774,Mi1,1156.7
34045,Mi1,1156.7
35001,Mi1,1156.8
36252,Mi1,1156.8
78503,T2a,1156.8
37019,Mi1,1157.1
41809,Mi1,1157.1
36533,Mi1,1157.3
21313,LC4,1157.5
40026,TmY3,1157.6
34189,Mi1,1157.6999999999998
35152,Mi1,1157.6999999999998
70112,T2,1157.6999999999998
131823,Tm3,1157.6999999999998
78561,Tm3,1157.8000000000002
101772,Tm3,1157.9
72955,T2a,1157.9
35836,Mi1,1157.9
36217,Mi1,1158.0000000000002
58862,Mi1,1158.0000000000002
69980,Tm3,1158.0000000000002
85937,Tm3,1158.0000000000002
74937,T2a,1158.1000000000001
77383,T2a,1158.1000000000001
37599,Mi1,1158.2
62340,T2,1158.2
41626,Mi1,1158.3000000000002
33942,Mi1,1158.4
31848,Mi1,1158.5
34356,Mi1,1158.7
66214,T2a,1158.8
70800,Tm3,1158.9
55976,Mi1,1159.1
72796,Tm3,1159.2
125171,Tm3,1159.3
52485,TmY3,1159.5
68842,TmY3,1159.6
36994,Mi1,1159.8000000000002
37631,Mi1,1159.8000000000002
32893,Mi1,1159.9
38893,Mi1,1160.0000000000002
65298,T2a,1160.0000000000002
73284,T2a,1160.0000000000002
66345,T2a,1160.1000000000001
69540,TmY3,1160.1000000000001
51122,Mi1,1160.3000000000002
21336,LC4,1160.3000000000002
35840,Mi1,1160.4
68562,T2a,1160.4
71161,T2a,1160.4
35428,Mi1,1160.5
23392,LC4,1160.7
34933,Mi1,1160.7
39067,Mi1,1160.7
42119,Mi1,1160.7
49324,Mi1,1160.7
74773,T2a,1160.7
118924,Tm3,1160.7
52328,TmY3,1160.9
34369,Mi1,1160.9
35602,Mi1,1160.9
85737,T2a,1161.0
46662,TmY3,1161.0
36954,Mi1,1161.0
34057,Mi1,1161.1
80302,T2a,1161.2
111746,Tm3,1161.2
36410,Mi1,1161.3
40944,Mi1,1161.3999999999999
69164,Mi1,1161.3999999999999
74905,T2a,1161.3999999999999
35580,Mi1,1161.5
127153,Tm3,1161.5
20808,LC4,1161.6
56564,Mi1,1161.6
82639,T2a,1161.6
78172,TmY3,1161.6999999999998
39743,Mi1,1161.6999999999998
34867,Mi1,1161.6999999999998
30923,TmY3,1161.6999999999998
37000,Mi1,1161.8000000000002
34300,Mi1,1161.9
69793,T2a,1161.9
79345,T2a,1161.9
35498,Mi1,1162.2
67971,Tm3,1162.2
23098,LC4,1162.3000000000002
35447,Mi1,1162.3000000000002
42006,TmY3,1162.3000000000002
72194,Tm3,1162.5
10001,DNp01,1162.6000000000001
67113,Mi1,1162.7
74231,Tm3,1162.8
35845,Mi1,1162.9
67150,T2a,1162.9
117627,Tm3,1162.9
69570,Tm3,1163.1
40426,Mi1,1163.2
55101,Mi1,1163.3
65513,T2a,1163.3
69380,Tm3,1163.3
35218,Mi1,1163.3999999999999
41296,Mi1,1163.5
36305,Mi1,1163.9
38993,Mi1,1163.9
532805,Tm3,1163.9
33655,Mi1,1164.0000000000002
33216,Mi1,1164.0000000000002
20542,LC4,1164.0000000000002
123514,Tm3,1164.1000000000001
74023,T2a,1164.2
44119,Mi1,1164.3000000000002
74373,Tm3,1164.3000000000002
37270,Mi1,1164.4
71052,T2a,1164.4
36177,Mi1,1164.5
76524,Tm3,1164.5
33907,Mi1,1164.6000000000001
37353,Mi1,1164.6000000000001
79646,Tm3,1164.6000000000001
59397,Mi1,1164.7
74228,Tm3,1164.8
16138,LC4,1164.9
66808,Tm3,1165.0
75298,T2a,1165.0
48547,TmY3,1165.1
38514,Mi1,1165.1
38238,Mi1,1165.1
35806,Mi1,1165.1
35888,Mi1,1165.2
34296,Mi1,1165.3999999999999
35770,Mi1,1165.5
37853,Mi1,1165.5
50333,TmY3,1165.5
70812,TmY3,1165.5
73828,Tm3,1165.5
38767,Mi1,1165.6
66980,T2a,1165.6
36911,Mi1,1165.8
68982,Tm3,1165.8
120312,Tm3,1165.8
46324,TmY3,1165.9
37371,Mi1,1165.9
38230,Mi1,1166.0000000000002
127615,Tm3,1166.0000000000002
37123,Mi1,1166.2
38133,Mi1,1166.2
51050,TmY3,1166.2
61401,T2a,1166.3000000000002
94930,T2a,1166.3000000000002
41668,Mi1,1166.4
525839,Mi1,1166.4
74375,Tm3,1166.6000000000001
37699,Mi1,1166.6000000000001
66956,T2,1166.6000000000001
72148,Tm3,1166.6000000000001
40171,Mi1,1166.7
35934,Mi1,1166.8
33017,Mi1,1166.9
34862,Mi1,1166.9
53065,Mi1,1166.9
70289,Mi1,1166.9
39629,Mi1,1167.0
33446,Mi1,1167.1
40832,Mi1,1167.1
39275,Mi1,1167.2
41120,Mi1,1167.3
69228,T2a,1167.3
88035,Tm3,1167.3
21313,LC4,1167.3999999999999
34171,Mi1,1167.3999999999999
60857,Mi1,1167.3999999999999
35897,Mi1,1167.5
35234,Mi1,1167.5
37529,Mi1,1167.6
72558,T2a,1167.7
95810,T2a,1167.7
37948,Mi1,1167.9
85837,Tm3,1168.0000000000002
88951,Tm3,1168.0000000000002
542412,Mi1,1168.0000000000002
10001,DNp01,1168.1000000000001
75521,T2a,1168.1000000000001
48283,TmY3,1168.2
65531,T2a,1168.2
33462,Mi1,1168.3000000000002
35405,Mi1,1168.3000000000002
39158,Mi1,1168.3000000000002
37037,Mi1,1168.6000000000001
36452,Mi1,1168.6000000000001
34079,Mi1,1168.7
81995,Tm3,1168.7
47368,TmY3,1168.8
78856,Tm3,1168.8
65106,T2,1168.9
68522,T2a,1168.9
74891,T2a,1168.9
40085,Mi1,1169.0
54885,TmY3,1169.0
34479,Mi1,1169.1
23392,LC4,1169.2
47686,TmY3,1169.3
122233,Tm3,1169.3
34899,Mi1,1169.3
38479,Mi1,1169.3
35100,Mi1,1169.3999999999999
35712,Mi1,1169.3999999999999
120016,Tm3,1169.3999999999999
38529,Mi1,1169.6
63420,Mi1,1169.6
54087,Mi1,1169.7
40854,Mi1,1169.7
106912,Tm3,1169.8
36540,Mi1,1169.9
21336,LC4,1170.1000000000001
35017,Mi1,1170.1000000000001
72279,Mi1,1170.1000000000001
77138,Tm3,1170.1000000000001
800146,TTMn,1170.2
87390,T2a,1170.2
81836,T2a,1170.3000000000002
36139,Mi1,1170.3000000000002
36252,Mi1,1170.4
38208,Mi1,1170.4
40256,Mi1,1170.4
62078,Mi1,1170.6000000000001
38791,Mi1,1170.7
65671,Mi1,1170.7
39405,Mi1,1170.8
30997,Mi1,1170.9
37568,Mi1,1170.9
39505,Mi1,1170.9
104144,T2,1170.9
41545,Mi1,1171.0
39718,Mi1,1171.0
32535,Mi1,1171.0
34849,Mi1,1171.0
59959,Mi1,1171.2
47967,Mi1,1171.3
83365,T2a,1171.3
44244,TmY3,1171.3999999999999
38241,Mi1,1171.5
40596,Mi1,1171.5
47962,TmY3,1171.5
36217,Mi1,1171.6
64149,Mi1,1171.6
526158,Mi1,1171.6
36533,Mi1,1171.8
40026,TmY3,1171.8
88337,Tm3,1171.9
58862,Mi1,1171.9
121170,Tm3,1172.0000000000002
39692,TmY3,1172.0000000000002
80855,Tm3,1172.1000000000001
35001,Mi1,1172.2
36446,Mi1,1172.2
45005,TmY3,1172.2
89367,Tm3,1172.2
34463,Mi1,1172.3000000000002
35774,Mi1,1172.3000000000002
48986,TmY3,1172.3000000000002
57398,Mi1,1172.3000000000002
34189,Mi1,1172.4
66325,Tm3,1172.4
37599,Mi1,1172.5
74927,Tm3,1172.6000000000001
111416,Tm3,1172.6000000000001
41809,Mi1,1172.7
35836,Mi1,1172.7
33942,Mi1,1172.7
34356,Mi1,1172.7
70239,T2,1172.9
37019,Mi1,1173.0
43334,TmY3,1173.1
51231,TmY3,1173.1
16138,LC4,1173.2
34045,Mi1,1173.2
76733,Tm3,1173.2
82500,T2a,1173.2
69978,T2,1173.3
49324,Mi1,1173.3
40703,Mi1,1173.3999999999999
72989,Tm3,1173.5
10001,DNp01,1173.5
37631,Mi1,1173.6
41626,Mi1,1173.7
68212,T2a,1173.7
101772,Tm3,1173.7
35045,Mi1,1173.9
71394,T2a,1173.9
34626,Mi1,1174.0000000000002
42675,Mi1,1174.1000000000001
42594,Mi1,1174.2
55976,Mi1,1174.3000000000002
34057,Mi1,1174.4
72955,T2a,1174.4
74725,T2a,1174.4
31848,Mi1,1174.5
75484,Tm3,1174.6000000000001
73298,T2,1174.6000000000001
32893,Mi1,1174.6000000000001
34933,Mi1,1174.6000000000001
53075,TmY3,1174.6000000000001
78422,Tm3,1174.7
109868,Tm3,1174.7
38893,Mi1,1174.8
82515,Tm3,1174.8
75848,T2a,1175.0
20808,LC4,1175.0
51122,Mi1,1175.0
66345,T2a,1175.0
19954,LC4,1175.1
547091,T2,1175.2
80358,Tm3,1175.2
78968,Tm3,1175.2
67150,T2a,1175.2
37243,Mi1,1175.2
34369,Mi1,1175.3
66604,TmY3,1175.3
35152,Mi1,1175.5
112563,Tm3,1175.6
48894,TmY3,1175.7
69164,Mi1,1175.7
20542,LC4,1175.8
35580,Mi1,1175.8
35602,Mi1,1175.8
42119,Mi1,1175.8
70490,Mi1,1175.8
21313,LC4,1175.9
39067,Mi1,1175.9
37000,Mi1,1176.0000000000002
23098,LC4,1176.0000000000002
36954,Mi1,1176.0000000000002
34142,Mi1,1176.1000000000001
35840,Mi1,1176.1000000000001
77982,T2a,1176.2
54211,TmY3,1176.3000000000002
56564,Mi1,1176.3000000000002
69540,TmY3,1176.4
36410,Mi1,1176.5
76325,T2a,1176.5
36275,Mi1,1176.6000000000001
36994,Mi1,1176.6000000000001
77383,T2a,1176.6000000000001
79257,Tm3,1176.6000000000001
109593,Tm3,1176.7
50345,TmY3,1176.7
34300,Mi1,1176.7
35428,Mi1,1176.7
39743,Mi1,1176.8
38721,Mi1,1176.9
35447,Mi1,1177.1
40944,Mi1,1177.1
49372,TmY3,1177.1
52328,TmY3,1177.2
59397,Mi1,1177.2
125171,Tm3,1177.2
33091,Mi1,1177.3
34867,Mi1,1177.3
67113,Mi1,1177.4
62947,T2a,1177.6
35498,Mi1,1177.6
39651,Mi1,1177.7
65542,T2,1177.7
69597,Tm3,1177.7
41654,Mi1,1177.8
33655,Mi1,1177.8999999999999
38178,Mi1,1177.8999999999999
36346,Mi1,1178.0000000000002
33907,Mi1,1178.1000000000001
38987,Mi1,1178.1000000000001
69063,Mi1,1178.1000000000001
70524,T2a,1178.1000000000001
77480,Tm3,1178.2
68562,T2a,1178.3000000000002
38993,Mi1,1178.3000000000002
35845,Mi1,1178.3000000000002
36646,Mi1,1178.3000000000002
21336,LC4,1178.3000000000002
40426,Mi1,1178.4
55101,Mi1,1178.4
72711,T2,1178.4
10001,DNp01,1178.5
52485,TmY3,1178.5
62560,T2,1178.5
43978,Mi1,1178.6000000000001
124490,Tm3,1178.6000000000001
23392,LC4,1178.7
37270,Mi1,1178.7
38238,Mi1,1178.7
77676,T2a,1178.8
82145,T2a,1178.8
61659,Tm3,1178.8
35890,Mi1,1178.9
48073,TmY3,1178.9
19260,LC4,1179.0
37839,Mi1,1179.0
66214,T2a,1179.0
66808,Tm3,1179.0
83227,Tm3,1179.1
72938,T2a,1179.1
31492,Mi1,1179.2
34296,Mi1,1179.2
77779,T2a,1179.2
92993,Tm3,1179.2
56007,TmY3,1179.4
48286,Mi1,1179.5
77991,Tm3,1179.6
69980,Tm3,1179.6
35218,Mi1,1179.6
37391,Mi1,1179.6
40635,Mi1,1179.6
35770,Mi1,1179.7
40219,Mi1,1179.7
42691,Mi1,1179.7
74023,T2a,1179.7
86419,Tm3,1179.7
36177,Mi1,1179.8
37294,Mi1,1179.8
41659,Mi1,1179.8
44119,Mi1,1179.8
71938,T2a,1179.8
73096,T2a,1179.8999999999999
63175,Mi1,1179.8999999999999
36305,Mi1,1179.8999999999999
33216,Mi1,1179.8999999999999
41296,Mi1,1179.8999999999999
63994,Mi1,1180.0000000000002
65298,T2a,1180.1000000000001
87722,T2a,1180.1000000000001
41435,Mi1,1180.2
72796,Tm3,1180.2
78503,T2a,1180.2
73054,T2,1180.3000000000002
37353,Mi1,1180.4
53065,Mi1,1180.4
133040,Tm3,1180.5
80302,T2a,1180.5
68842,TmY3,1180.5
33446,Mi1,1180.5
35806,Mi1,1180.6000000000001
41950,Mi1,1180.6000000000001
34862,Mi1,1180.8
39275,Mi1,1180.8
62272,T2,1180.8
72829,T2a,1180.8
132339,Tm3,1180.8
800146,TTMn,1180.8
35235,Mi1,1180.9
37853,Mi1,1180.9
69380,Tm3,1180.9
120231,Tm3,1180.9
79483,Tm3,1181.0
71475,Tm3,1181.0
35888,Mi1,1181.0
25584,LC4,1181.0
38768,Mi1,1181.0
36911,Mi1,1181.1
38514,Mi1,1181.1
39438,Mi1,1181.1
37529,Mi1,1181.2
38133,Mi1,1181.2
37371,Mi1,1181.3
64712,T2a,1181.3
35416,Mi1,1181.4
37113,Mi1,1181.5
35934,Mi1,1181.5
38230,Mi1,1181.5
38767,Mi1,1181.6
37699,Mi1,1181.7
48547,TmY3,1181.8
70289,Mi1,1181.8
21313,LC4,1182.0000000000002
35405,Mi1,1182.0000000000002
39629,Mi1,1182.0000000000002
42895,Mi1,1182.0000000000002
75521,T2a,1182.0000000000002
36452,Mi1,1182.1000000000001
40171,Mi1,1182.1000000000001
47368,TmY3,1182.1000000000001
122308,Tm3,1182.1000000000001
71089,Mi1,1182.2
98964,T2a,1182.3000000000002
42006,TmY3,1182.3000000000002
34938,Mi1,1182.3000000000002
34171,Mi1,1182.3000000000002
20673,LC4,1182.4
37948,Mi1,1182.4
38227,Mi1,1182.4
63468,Mi1,1182.4
41522,Mi1,1182.5
50333,TmY3,1182.5
118924,Tm3,1182.6000000000001
33462,Mi1,1182.7
40832,Mi1,1182.7
41668,Mi1,1182.7
34079,Mi1,1182.8
61622,T2,1182.9
37123,Mi1,1182.9
34899,Mi1,1182.9
35234,Mi1,1182.9
16138,LC4,1182.9
10001,DNp01,1183.0
39158,Mi1,1183.0
46662,TmY3,1183.0
72558,T2a,1183.0
33017,Mi1,1183.2
67971,Tm3,1183.2
68982,Tm3,1183.2
35897,Mi1,1183.3
49441,TmY3,1183.3
58945,Tm3,1183.3
82001,T2a,1183.4
60857,Mi1,1183.4
42758,Mi1,1183.5
125288,Tm3,1183.5
525839,Mi1,1183.5
36158,Mi1,1183.6
41120,Mi1,1183.6
52350,Mi1,1183.6
20808,LC4,1183.7
72896,Tm3,1183.7
542412,Mi1,1183.8
54087,Mi1,1183.8
74231,Tm3,1183.8
79646,Tm3,1183.8
72194,Tm3,1183.8999999999999
83639,T2a,1183.8999999999999
35712,Mi1,1183.8999999999999
40256,Mi1,1183.8999999999999
34479,Mi1,1184.0000000000002
36540,Mi1,1184.0000000000002
38479,Mi1,1184.0000000000002
40085,Mi1,1184.0000000000002
78911,Tm3,1184.0000000000002
36660,Mi1,1184.1000000000001
38529,Mi1,1184.1000000000001
35724,Mi1,1184.3000000000002
38857,Mi1,1184.3000000000002
79083,Tm3,1184.3000000000002
38791,Mi1,1184.4
37037,Mi1,1184.5
65671,Mi1,1184.6000000000001
35173,Mi1,1184.6000000000001
33110,Mi1,1184.7
46827,Mi1,1184.7
72279,Mi1,1184.7
83556,Tm3,1184.7
30923,TmY3,1184.9
34849,Mi1,1184.9
59008,Mi1,1184.9
33942,Mi1,1185.0
37568,Mi1,1185.0
38208,Mi1,1185.0
38648,Mi1,1185.0
59959,Mi1,1185.0
79345,T2a,1185.1
75227,T2a,1185.2
84010,Tm3,1185.2
40936,Mi1,1185.2
35100,Mi1,1185.2
72066,Tm3,1185.2
21336,LC4,1185.2
46248,Mi1,1185.3
35017,Mi1,1185.5
36533,Mi1,1185.5
36881,Mi1,1185.5
71161,T2a,1185.5
34356,Mi1,1185.6
63420,Mi1,1185.6
36139,Mi1,1185.7
78805,T2a,1185.7
69441,Tm3,1185.8
56291,TmY3,1185.8
40854,Mi1,1185.8
41709,Mi1,1185.8
37599,Mi1,1185.8999999999999
39718,Mi1,1185.8999999999999
73284,T2a,1185.8999999999999
86536,Tm3,1185.8999999999999
71398,Tm3,1186.0000000000002
23392,LC4,1186.0000000000002
36252,Mi1,1186.0000000000002
39727,Mi1,1186.0000000000002
42048,Mi1,1186.0000000000002
47967,Mi1,1186.0000000000002
67308,Mi1,1186.0000000000002
526158,Mi1,1186.0000000000002
39405,Mi1,1186.1000000000001
32535,Mi1,1186.1000000000001
37088,Mi1,1186.2
71228,T2a,1186.2
122233,Tm3,1186.2
532850,Tm3,1186.2
57239,Mi1,1186.3000000000002
60856,T2a,1186.4
123490,Tm3,1186.4
82855,Tm3,1186.5
41613,Mi1,1186.5
40026,TmY3,1186.5
35512,Mi1,1186.5
34045,Mi1,1186.5
23098,LC4,1186.6000000000001
41809,Mi1,1186.6000000000001
64579,T2,1186.6000000000001
86630,Tm3,1186.6000000000001
37138,Mi1,1186.7
40411,Mi1,1186.7
67719,T2a,1186.7
128726,Tm3,1186.7
75660,T2a,1186.8
76074,Tm3,1186.8
35001,Mi1,1186.8
54885,TmY3,1186.9
81883,T2a,1186.9
43414,Mi1,1186.9
48607,TmY3,1186.9
132834,Tm3,1186.9
48060,Mi1,1187.0
42872,Mi1,1187.0
49324,Mi1,1187.0
38421,Mi1,1187.0
41545,Mi1,1187.0
127153,Tm3,1187.1
58862,Mi1,1187.1
71052,T2a,1187.1
30997,Mi1,1187.2
127615,Tm3,1187.2
34404,Mi1,1187.3
63868,T2a,1187.3
72426,Tm3,1187.3
36217,Mi1,1187.4
39505,Mi1,1187.4
40596,Mi1,1187.4
47962,TmY3,1187.4
75381,Tm3,1187.4
61045,TmY3,1187.5
111746,Tm3,1187.5
44564,TmY3,1187.5
34463,Mi1,1187.6
41804,Mi1,1187.6
48283,TmY3,1187.6
70112,T2,1187.6
36446,Mi1,1187.7
39692,TmY3,1187.7
78561,Tm3,1187.7
40703,Mi1,1187.8
43783,Mi1,1187.8
45319,Mi1,1187.8
38241,Mi1,1187.8999999999999
10001,DNp01,1187.8999999999999
45322,Mi1,1188.0000000000002
62078,Mi1,1188.0000000000002
37019,Mi1,1188.0000000000002
37631,Mi1,1188.1000000000001
48531,Mi1,1188.1000000000001
34057,Mi1,1188.2
34189,Mi1,1188.2
36684,Mi1,1188.2
43689,Mi1,1188.2
47686,TmY3,1188.2
64149,Mi1,1188.3000000000002
71402,Tm3,1188.3000000000002
70812,TmY3,1188.3000000000002
35602,Mi1,1188.3000000000002
47211,Mi1,1188.3000000000002
35836,Mi1,1188.3000000000002
87390,T2a,1188.4
117627,Tm3,1188.4
82038,Tm3,1188.4
34369,Mi1,1188.4
67150,T2a,1188.4
68933,Tm3,1188.4
40400,Mi1,1188.5
71188,T2a,1188.6000000000001
71674,T2a,1188.6000000000001
68605,T2,1188.6000000000001
74937,T2a,1188.6000000000001
33614,Mi1,1188.6000000000001
21313,LC4,1188.6000000000001
66345,T2a,1188.6000000000001
72005,Tm3,1188.7
77254,Tm3,1188.7
21225,LC4,1188.7
44449,TmY3,1188.7
57398,Mi1,1188.8
79293,Tm3,1188.8
83365,T2a,1188.8
32893,Mi1,1188.9
43323,Mi1,1188.9
101772,Tm3,1188.9
74228,Tm3,1189.0
89728,Tm3,1189.0
114850,Tm3,1189.0
35045,Mi1,1189.1
67408,Mi1,1189.1
35774,Mi1,1189.2
800146,TTMn,1189.3
120312,Tm3,1189.3
55976,Mi1,1189.3
34626,Mi1,1189.3
42675,Mi1,1189.4
51122,Mi1,1189.4
64341,TmY3,1189.4
67072,T2a,1189.4
85440,Tm3,1189.4
82211,T2a,1189.5
19954,LC4,1189.5
34300,Mi1,1189.5
74927,Tm3,1189.5
78172,TmY3,1189.5
57486,TmY3,1189.6
37555,Mi1,1189.6
33326,Mi1,1189.6
35152,Mi1,1189.6
37000,Mi1,1189.7
73828,Tm3,1189.7
36410,Mi1,1189.8
39067,Mi1,1189.8
42594,Mi1,1189.8
35734,Mi1,1189.8999999999999
38238,Mi1,1189.8999999999999
46324,TmY3,1189.8999999999999
47240,TmY3,1189.8999999999999
51231,TmY3,1189.8999999999999
67113,Mi1,1190.0
69889,T2a,1190.0
38893,Mi1,1190.0
65833,Mi1,1190.0
41626,Mi1,1190.1000000000001
42119,Mi1,1190.1000000000001
22194,LC4,1190.2
71765,T2a,1190.3000000000002
69164,Mi1,1190.3000000000002
56564,Mi1,1190.3000000000002
34933,Mi1,1190.3000000000002
20542,LC4,1190.3000000000002
49322,TmY3,1190.3000000000002
120016,Tm3,1190.4
31848,Mi1,1190.4
42856,Mi1,1190.4
56762,TmY3,1190.4
71131,Tm3,1190.4
81064,Tm3,1190.4
71019,T2,1190.5
49930,TmY3,1190.5
39500,Mi1,1190.5
24338,LC4,1190.6000000000001
37438,Mi1,1190.6000000000001
37044,Mi1,1190.7
70490,Mi1,1190.7
70800,Tm3,1190.7
37224,Mi1,1190.8
37243,Mi1,1190.8
41136,Mi1,1190.8
43334,TmY3,1190.8
35580,Mi1,1190.9
36990,Mi1,1190.9
76061,T2a,1190.9
72148,Tm3,1191.0
70642,T2a,1191.0
37680,Mi1,1191.0
36994,Mi1,1191.0
40235,Mi1,1191.0
37509,Mi1,1191.1000000000001
38710,Mi1,1191.1000000000001
16138,LC4,1191.2
34142,Mi1,1191.2
78731,Tm3,1191.2
35447,Mi1,1191.3
69793,T2a,1191.3
81995,Tm3,1191.4
75377,T2a,1191.5
77891,Tm3,1191.5
65513,T2a,1191.5
41536,Mi1,1191.5
40944,Mi1,1191.5
38708,Mi1,1191.5
60886,T2a,1191.5
36954,Mi1,1191.6
47465,TmY3,1191.6
33655,Mi1,1191.7
37927,Mi1,1191.7
61768,T2,1191.7
72859,Tm3,1191.7
23392,LC4,1191.8
36275,Mi1,1191.8
82282,Tm3,1191.8999999999999
105565,Tm3,1191.8999999999999
44282,Mi1,1191.8999999999999
38455,Mi1,1191.8999999999999
10001,DNp01,1192.0
35498,Mi1,1192.0
34867,Mi1,1192.1000000000001
39743,Mi1,1192.1000000000001
41654,Mi1,1192.1000000000001
48986,TmY3,1192.1000000000001
21336,LC4,1192.2
39525,Mi1,1192.2
55101,Mi1,1192.2
62340,T2,1192.2
77138,Tm3,1192.2
88701,T2a,1192.3000000000002
73301,Tm3,1192.3000000000002
39164,Mi1,1192.3000000000002
35428,Mi1,1192.3000000000002
33091,Mi1,1192.3000000000002
35840,Mi1,1192.3000000000002
74375,Tm3,1192.4
20808,LC4,1192.5
34606,Mi1,1192.5
39716,Mi1,1192.5
63747,T2,1192.5
122290,Tm3,1192.5
40505,Mi1,1192.6000000000001
130280,Tm3,1192.6000000000001
98862,Tm3,1192.7
87093,Tm3,1192.7
38721,Mi1,1192.7
38178,Mi1,1192.8
18127,LC4,1192.9
36177,Mi1,1192.9
23098,LC4,1193.0
59397,Mi1,1193.0
66227,Tm3,1193.0
69063,Mi1,1193.0
74303,Mi1,1193.0
34296,Mi1,1193.1000000000001
37391,Mi1,1193.1000000000001
79210,Tm3,1193.1000000000001
78421,T2a,1193.2
76524,Tm3,1193.2
49788,TmY3,1193.2
37270,Mi1,1193.2
33907,Mi1,1193.2
45005,TmY3,1193.2
38993,Mi1,1193.3
43978,Mi1,1193.3
51050,TmY3,1193.3
25584,LC4,1193.4
44222,Mi1,1193.4
68522,T2a,1193.4
41296,Mi1,1193.5
69228,T2a,1193.5
40426,Mi1,1193.5
39651,Mi1,1193.5
36646,Mi1,1193.5
34862,Mi1,1193.5
19260,LC4,1193.5
22328,LC4,1193.6
35845,Mi1,1193.6
38987,Mi1,1193.6
48894,TmY3,1193.6
58224,Mi1,1193.6
35770,Mi1,1193.7
44244,TmY3,1193.7
31492,Mi1,1193.8
74373,Tm3,1193.8999999999999
68212,T2a,1193.8999999999999
546524,Mi1,1193.8999999999999
35290,Mi1,1193.8999999999999
40577,Mi1,1193.8999999999999
45696,Mi1,1194.0
62522,T2,1194.0
35683,Mi1,1194.0
66980,T2a,1194.0
547091,T2,1194.1000000000001
50345,TmY3,1194.1000000000001
42691,Mi1,1194.1000000000001
35218,Mi1,1194.1000000000001
35113,Mi1,1194.1000000000001
19543,LC4,1194.1000000000001
33446,Mi1,1194.2
45176,Mi1,1194.2
65531,T2a,1194.2
35260,Mi1,1194.3000000000002
36346,Mi1,1194.3000000000002
61401,T2a,1194.3000000000002
78151,Tm3,1194.3000000000002
53065,Mi1,1194.4
44438,Mi1,1194.4
44700,Mi1,1194.4
36305,Mi1,1194.4
35890,Mi1,1194.4
41637,Mi1,1194.4
104144,T2,1194.5
72665,Mi1,1194.5
69736,Tm3,1194.5
38477,Mi1,1194.5
44119,Mi1,1194.5
37529,Mi1,1194.5
34272,Mi1,1194.5
33766,Mi1,1194.5
38461,Mi1,1194.5
80855,Tm3,1194.6000000000001
43965,Mi1,1194.6000000000001
66852,Mi1,1194.6000000000001
70177,T2,1194.6000000000001
78968,Tm3,1194.7
65106,T2,1194.7
36369,Mi1,1194.7
48514,TmY3,1194.7
37839,Mi1,1194.8
41399,Mi1,1194.8
51049,Mi1,1194.8
21313,LC4,1194.9
39275,Mi1,1194.9
52485,TmY3,1194.9
73807,Tm3,1194.9
64849,Tm3,1195.0
74023,T2a,1195.0
58599,T2,1195.1000000000001
126286,Tm3,1195.1000000000001
81471,Tm3,1195.1000000000001
37699,Mi1,1195.1000000000001
37294,Mi1,1195.1000000000001
33394,Mi1,1195.1000000000001
46745,Mi1,1195.1000000000001
81037,T2a,1195.2
34658,Mi1,1195.2
45349,Mi1,1195.2
48286,Mi1,1195.2
48547,TmY3,1195.2
50333,TmY3,1195.2
69387,T2,1195.2
78108,T2a,1195.2
78856,Tm3,1195.2
73586,Tm3,1195.3
72501,Mi1,1195.3
106912,Tm3,1195.3
88035,Tm3,1195.3
66808,Tm3,1195.3
40219,Mi1,1195.3
41950,Mi1,1195.3
41435,Mi1,1195.3
57247,TmY3,1195.3
33918,Mi1,1195.3
37853,Mi1,1195.4
41659,Mi1,1195.4
75298,T2a,1195.4
92668,T2a,1195.5
47368,TmY3,1195.5
45719,Mi1,1195.5
62562,T2,1195.5
36911,Mi1,1195.5
35806,Mi1,1195.5
38632,Mi1,1195.5
39858,Mi1,1195.6
57349,Mi1,1195.6
10001,DNp01,1195.7
36452,Mi1,1195.7
38514,Mi1,1195.7
37353,Mi1,1195.8
37948,Mi1,1195.8
38768,Mi1,1195.8
63994,Mi1,1195.8
79849,Tm3,1195.8999999999999
65009,T2,1195.8999999999999
109593,Tm3,1195.8999999999999
33216,Mi1,1195.8999999999999
38772,Mi1,1195.8999999999999
38687,Mi1,1196.0
72619,T2a,1196.0
88435,Tm3,1196.0
38748,Mi1,1196.1000000000001
110910,Tm3,1196.1000000000001
38133,Mi1,1196.2
67464,Mi1,1196.2
68982,Tm3,1196.2
74287,Tm3,1196.3000000000002
63175,Mi1,1196.3000000000002
70239,T2,1196.3000000000002
40635,Mi1,1196.3000000000002
35235,Mi1,1196.3000000000002
44527,Mi1,1196.3000000000002
72955,T2a,1196.4
58703,T2,1196.4
36540,Mi1,1196.4
37113,Mi1,1196.4
35405,Mi1,1196.4
35234,Mi1,1196.4
33462,Mi1,1196.4
35416,Mi1,1196.4
37371,Mi1,1196.5
85730,Tm3,1196.5
46784,Mi1,1196.6000000000001
35888,Mi1,1196.6000000000001
40795,Mi1,1196.6000000000001
73767,Mi1,1196.7
67152,Tm3,1196.7
38230,Mi1,1196.7
37677,Mi1,1196.7
39629,Mi1,1196.8
40106,Mi1,1196.8
42895,Mi1,1196.8
70289,Mi1,1196.8
77226,T2a,1196.8
532805,Tm3,1196.9
69980,Tm3,1196.9
69961,Tm3,1196.9
38227,Mi1,1196.9
39158,Mi1,1196.9
37108,Mi1,1196.9
39438,Mi1,1196.9
66325,Tm3,1197.0
68475,T2a,1197.0
61659,Tm3,1197.0
20673,LC4,1197.0
20399,LC4,1197.0
37756,Mi1,1197.0
34171,Mi1,1197.1000000000001
34899,Mi1,1197.1000000000001
37123,Mi1,1197.1000000000001
38767,Mi1,1197.1000000000001
23392,LC4,1197.2
35934,Mi1,1197.2
79483,Tm3,1197.3
37084,Mi1,1197.3
40171,Mi1,1197.3
49372,TmY3,1197.3
48475,TmY3,1197.4
40256,Mi1,1197.4
41120,Mi1,1197.4
19954,LC4,1197.6
35897,Mi1,1197.6
63468,Mi1,1197.6
66604,TmY3,1197.6
69540,TmY3,1197.6
69546,Tm3,1197.6
111416,Tm3,1197.6
71475,Tm3,1197.7
78848,Tm3,1197.7
80435,T2a,1197.7
41668,Mi1,1197.8
64260,T2,1197.8999999999999
88951,Tm3,1197.8999999999999
71089,Mi1,1197.8999999999999
16138,LC4,1197.8999999999999
33942,Mi1,1197.8999999999999
38791,Mi1,1198.0
40026,TmY3,1198.0
43615,Mi1,1198.0
81836,T2a,1198.0
35712,Mi1,1198.1000000000001
69380,Tm3,1198.1000000000001
47696,TmY3,1198.2
21225,LC4,1198.2
542412,Mi1,1198.2
69186,Tm3,1198.3000000000002
69916,T2,1198.3000000000002
38479,Mi1,1198.3000000000002
20808,LC4,1198.3000000000002
21336,LC4,1198.3000000000002
38487,Mi1,1198.3000000000002
40936,Mi1,1198.4
52350,Mi1,1198.4
40832,Mi1,1198.5
42533,TmY3,1198.5
43063,Mi1,1198.5
131823,Tm3,1198.5
76038,Tm3,1198.6000000000001
72279,Mi1,1198.6000000000001
40085,Mi1,1198.6000000000001
42758,Mi1,1198.6000000000001
38529,Mi1,1198.6000000000001
34479,Mi1,1198.6000000000001
39692,TmY3,1198.6000000000001
50552,Mi1,1198.7
34079,Mi1,1198.8
34938,Mi1,1198.8
68494,T2,1198.8
72558,T2a,1198.8
75848,T2a,1198.9
35173,Mi1,1198.9
37037,Mi1,1198.9
39688,Mi1,1198.9
54087,Mi1,1198.9
37390,Mi1,1199.0
71938,T2a,1199.0
35724,Mi1,1199.0
34849,Mi1,1199.1000000000001
35017,Mi1,1199.1000000000001
36695,Mi1,1199.1000000000001
85837,Tm3,1199.1000000000001
10001,DNp01,1199.2
35777,Mi1,1199.2
36533,Mi1,1199.2
43872,Mi1,1199.3
33017,Mi1,1199.3
34356,Mi1,1199.3
37599,Mi1,1199.3
61968,T2,1199.3
79646,Tm3,1199.3
23098,LC4,1199.4
30923,TmY3,1199.5
36139,Mi1,1199.5
74860,Tm3,1199.5
49441,TmY3,1199.6
110693,Tm3,1199.6
74411,Mi1,1199.7
68342,Tm3,1199.7
67614,Mi1,1199.7
77480,Tm3,1199.7
46662,TmY3,1199.7
35572,Mi1,1199.7
35100,Mi1,1199.7
47967,Mi1,1199.7
60857,Mi1,1199.8
65850,T2a,1199.8
39595,Mi1,1199.8
46827,Mi1,1199.8
800146,TTMn,1199.8
65504,T2,1199.8999999999999
59959,Mi1,1199.8999999999999
121170,Tm3,1199.8999999999999
41522,Mi1,1199.8999999999999
38648,Mi1,1199.8999999999999
49324,Mi1,1199.8999999999999
122233,Tm3,1199.8999999999999
