bodyId,n_spikes,region,type,is_driven_input
42872,162,,Mi1,True
39275,159,,Mi1,True
40256,157,,Mi1,True
37270,156,,Mi1,True
47211,156,,Mi1,True
35602,156,,Mi1,True
41709,154,,Mi1,True
40936,154,,Mi1,True
40944,154,,Mi1,True
44119,153,,Mi1,True
44527,153,,Mi1,True
38993,153,,Mi1,True
45719,153,,Mi1,True
45319,153,,Mi1,True
37037,152,,Mi1,True
38596,152,,Mi1,True
33017,152,,Mi1,True
73767,152,,Mi1,True
45696,152,,Mi1,True
51049,152,,Mi1,True
71089,151,,Mi1,True
42594,151,,Mi1,True
37948,151,,Mi1,True
37585,151,,Mi1,True
38768,151,,Mi1,True
37224,151,,Mi1,True
42758,151,,Mi1,True
42691,151,,Mi1,True
36305,151,,Mi1,True
33446,151,,Mi1,True
48531,151,,Mi1,True
46745,151,,Mi1,True
45176,151,,Mi1,True
47967,151,,Mi1,True
46827,151,,Mi1,True
38514,151,,Mi1,True
33942,151,,Mi1,True
41536,150,,Mi1,True
31492,150,,Mi1,True
41399,150,,Mi1,True
40596,150,,Mi1,True
46248,150,,Mi1,True
35806,150,,Mi1,True
45322,150,,Mi1,True
42895,150,,Mi1,True
40235,150,,Mi1,True
34296,150,,Mi1,True
43414,150,,Mi1,True
39727,150,,Mi1,True
34606,150,,Mi1,True
41950,150,,Mi1,True
71164,150,,Mi1,True
38241,150,,Mi1,True
35045,150,,Mi1,True
40171,150,,Mi1,True
40795,150,,Mi1,True
34626,150,,Mi1,True
40505,150,,Mi1,True
37084,150,,Mi1,True
62078,150,,Mi1,True
36646,150,,Mi1,True
31848,150,,Mi1,True
34300,150,,Mi1,True
37391,150,,Mi1,True
38893,150,,Mi1,True
37353,150,,Mi1,True
41296,150,,Mi1,True
35897,150,,Mi1,True
34142,150,,Mi1,True
36533,150,,Mi1,True
43485,150,,Mi1,True
39438,150,,Mi1,True
67113,150,,Mi1,True
38529,150,,Mi1,True
43965,150,,Mi1,True
38767,150,,Mi1,True
34479,149,,Mi1,True
48060,149,,Mi1,True
69164,149,,Mi1,True
35001,149,,Mi1,True
43615,149,,Mi1,True
37113,149,,Mi1,True
33655,149,,Mi1,True
526158,149,,Mi1,True
36452,149,,Mi1,True
41613,149,,Mi1,True
56564,149,,Mi1,True
34862,149,,Mi1,True
44700,149,,Mi1,True
34057,149,,Mi1,True
52350,149,,Mi1,True
40426,149,,Mi1,True
35290,149,,Mi1,True
38230,149,,Mi1,True
38461,149,,Mi1,True
35580,149,,Mi1,True
44222,149,,Mi1,True
34938,149,,Mi1,True
35152,149,,Mi1,True
57239,149,,Mi1,True
36217,149,,Mi1,True
36139,149,,Mi1,True
33907,149,,Mi1,True
36275,149,,Mi1,True
41668,149,,Mi1,True
36158,149,,Mi1,True
41804,149,,Mi1,True
41435,149,,Mi1,True
38791,149,,Mi1,True
35734,149,,Mi1,True
59397,149,,Mi1,True
38178,149,,Mi1,True
36410,149,,Mi1,True
43872,149,,Mi1,True
38238,149,,Mi1,True
41522,149,,Mi1,True
42675,149,,Mi1,True
35416,149,,Mi1,True
35234,149,,Mi1,True
41136,148,,Mi1,True
45349,148,,Mi1,True
43978,148,,Mi1,True
35934,148,,Mi1,True
34463,148,,Mi1,True
38632,148,,Mi1,True
34899,148,,Mi1,True
35770,148,,Mi1,True
44282,148,,Mi1,True
72665,148,,Mi1,True
35113,148,,Mi1,True
39525,148,,Mi1,True
37243,148,,Mi1,True
39629,148,,Mi1,True
38477,148,,Mi1,True
64149,148,,Mi1,True
35683,148,,Mi1,True
36369,148,,Mi1,True
39405,148,,Mi1,True
38208,148,,Mi1,True
41120,148,,Mi1,True
37509,148,,Mi1,True
38721,148,,Mi1,True
37088,148,,Mi1,True
38857,148,,Mi1,True
35888,148,,Mi1,True
35017,148,,Mi1,True
35845,148,,Mi1,True
35405,148,,Mi1,True
37371,148,,Mi1,True
72501,148,,Mi1,True
34079,148,,Mi1,True
35173,148,,Mi1,True
37699,148,,Mi1,True
35512,148,,Mi1,True
65833,148,,Mi1,True
36540,148,,Mi1,True
55976,148,,Mi1,True
39688,148,,Mi1,True
33462,148,,Mi1,True
36346,148,,Mi1,True
35260,148,,Mi1,True
40703,148,,Mi1,True
40400,148,,Mi1,True
59959,148,,Mi1,True
39158,148,,Mi1,True
33614,148,,Mi1,True
38479,148,,Mi1,True
37108,148,,Mi1,True
37019,148,,Mi1,True
40411,148,,Mi1,True
35235,148,,Mi1,True
33091,148,,Mi1,True
39164,148,,Mi1,True
40106,147,,Mi1,True
37555,147,,Mi1,True
63468,147,,Mi1,True
35218,147,,Mi1,True
72655,147,,Mi1,True
35777,147,,Mi1,True
37138,147,,Mi1,True
54087,147,,Mi1,True
36177,147,,Mi1,True
67464,147,,Mi1,True
37438,147,,Mi1,True
39718,147,,Mi1,True
542412,147,,Mi1,True
34404,147,,Mi1,True
35890,147,,Mi1,True
34369,147,,Mi1,True
37123,147,,Mi1,True
38710,147,,Mi1,True
33216,147,,Mi1,True
36446,147,,Mi1,True
33394,147,,Mi1,True
34189,147,,Mi1,True
57349,147,,Mi1,True
74303,147,,Mi1,True
58862,147,,Mi1,True
23606,147,,Mi1,True
36881,147,,Mi1,True
37677,147,,Mi1,True
72279,147,,Mi1,True
34272,147,,Mi1,True
37631,147,,Mi1,True
33766,147,,Mi1,True
40219,147,,Mi1,True
36990,147,,Mi1,True
36695,147,,Mi1,True
36660,147,,Mi1,True
36954,147,,Mi1,True
46784,147,,Mi1,True
63994,147,,Mi1,True
35572,146,,Mi1,True
57398,146,,Mi1,True
63175,146,,Mi1,True
34356,146,,Mi1,True
37568,146,,Mi1,True
35498,146,,Mi1,True
43063,146,,Mi1,True
42119,146,,Mi1,True
34849,146,,Mi1,True
37680,146,,Mi1,True
40085,146,,Mi1,True
37044,146,,Mi1,True
41637,146,,Mi1,True
55101,146,,Mi1,True
58224,146,,Mi1,True
34867,146,,Mi1,True
70289,146,,Mi1,True
39595,146,,Mi1,True
33326,146,,Mi1,True
67614,146,,Mi1,True
38648,146,,Mi1,True
36684,146,,Mi1,True
30997,146,,Mi1,True
37839,146,,Mi1,True
69063,146,,Mi1,True
34933,146,,Mi1,True
546524,146,,Mi1,True
39743,146,,Mi1,True
65671,146,,Mi1,True
35774,146,,Mi1,True
38455,146,,Mi1,True
49324,146,,Mi1,True
33918,146,,Mi1,True
37390,146,,Mi1,True
34658,145,,Mi1,True
39791,145,,Mi1,True
38987,145,,Mi1,True
41626,145,,Mi1,True
41654,145,,Mi1,True
59008,145,,Mi1,True
53065,145,,Mi1,True
38487,145,,Mi1,True
34171,145,,Mi1,True
40958,145,,Mi1,True
39651,145,,Mi1,True
525839,145,,Mi1,True
32535,145,,Mi1,True
43689,145,,Mi1,True
40577,145,,Mi1,True
38687,145,,Mi1,True
36994,145,,Mi1,True
39500,145,,Mi1,True
37853,145,,Mi1,True
37000,145,,Mi1,True
40832,145,,Mi1,True
38421,145,,Mi1,True
39716,145,,Mi1,True
43323,145,,Mi1,True
37927,145,,Mi1,True
35447,145,,Mi1,True
48286,145,,Mi1,True
41545,145,,Mi1,True
39505,145,,Mi1,True
41659,144,,Mi1,True
35840,144,,Mi1,True
39858,144,,Mi1,True
42942,144,,Mi1,True
35712,144,,Mi1,True
38133,144,,Mi1,True
33110,144,,Mi1,True
32893,144,,Mi1,True
40635,144,,Mi1,True
34329,144,,Mi1,True
38748,144,,Mi1,True
43783,144,,Mi1,True
38227,144,,Mi1,True
35836,144,,Mi1,True
40854,144,,Mi1,True
42856,144,,Mi1,True
42048,144,,Mi1,True
41809,144,,Mi1,True
36911,144,,Mi1,True
66852,144,,Mi1,True
37756,144,,Mi1,True
44438,144,,Mi1,True
38708,144,,Mi1,True
37529,144,,Mi1,True
67408,144,,Mi1,True
67308,144,,Mi1,True
37294,143,,Mi1,True
60857,143,,Mi1,True
70490,143,,Mi1,True
36252,143,,Mi1,True
51122,143,,Mi1,True
50552,143,,Mi1,True
35428,143,,Mi1,True
63420,143,,Mi1,True
34045,143,,Mi1,True
74411,143,,Mi1,True
39067,143,,Mi1,True
27788,142,,Mi1,True
38772,142,,Mi1,True
35100,142,,Mi1,True
37599,142,,Mi1,True
35724,141,,Mi1,True
67150,52,,T2a,False
66227,46,,Tm3,False
104621,44,,T4c,False
89485,42,,T4a,False
67810,39,,Tm3,False
105565,39,,Tm3,False
67072,37,,T2a,False
66808,36,,Tm3,False
71765,34,,T2a,False
66345,31,,T2a,False
72558,30,,T2a,False
75521,29,,T2a,False
91057,29,,T4c,False
82618,29,,T2a,False
82674,29,,T4a,False
83583,29,,T4d,False
74023,29,,T2a,False
66357,28,,T2a,False
122233,27,,Tm3,False
68475,27,,T2a,False
105115,27,,T4d,False
104996,26,,T4a,False
103780,26,,T4c,False
75343,25,,Tm3,False
39692,25,,TmY3,False
106338,24,,T4a,False
71944,24,,T2a,False
77484,24,,T4d,False
91469,23,,T4c,False
107819,23,,T4c,False
59528,23,,T2a,False
107812,23,,T4a,False
68167,23,,Tm3,False
60856,23,,T2a,False
89092,23,,T4c,False
97769,23,,T4a,False
42533,23,,TmY3,False
69228,23,,T2a,False
93509,23,,T4b,False
99671,23,,T4c,False
105521,22,,T4c,False
86416,22,,T4a,False
100033,21,,T4c,False
90219,21,,T4a,False
72955,21,,T2a,False
122273,21,,Tm3,False
104130,21,,T4a,False
101772,20,,Tm3,False
95736,20,,T4c,False
59864,20,,Tm3,False
90097,20,,T4c,False
100874,20,,T4a,False
103195,20,,T4a,False
97145,20,,T4c,False
101480,19,,T4c,False
98118,19,,T4c,False
74731,19,,T2a,False
83438,19,,T4a,False
86907,19,,T4a,False
85938,18,,T4a,False
82313,18,,T4a,False
69961,18,,Tm3,False
44449,18,,TmY3,False
77916,18,,T2a,False
58945,18,,Tm3,False
93750,18,,T4c,False
100838,17,,T4c,False
91806,17,,T4a,False
83365,17,,T2a,False
68264,17,,Tm3,False
92047,17,,T4c,False
108249,17,,T4a,False
78503,17,,T2a,False
68562,17,,T2a,False
97256,17,,T4c,False
73284,17,,T2a,False
98175,17,,T4c,False
10016,16,,HSE,False
98381,16,,T4d,False
77527,16,,T4a,False
86578,16,,T4c,False
67152,16,,Tm3,False
109326,16,,T4c,False
85378,16,,T4a,False
97866,16,,T4d,False
100488,16,,T4c,False
95883,16,,T4a,False
95356,16,,T4a,False
78308,16,,T2a,False
79297,16,,T4a,False
86419,16,,Tm3,False
80282,16,,T4d,False
107628,16,,T4d,False
97675,16,,T4c,False
103867,16,,T4a,False
102845,15,,T4b,False
78856,15,,Tm3,False
60643,15,,Tm3,False
39894,15,,T4b,False
89434,15,,T4c,False
74061,15,,Tm3,False
84328,15,,T4a,False
94549,15,,T4b,False
84267,15,,T4c,False
88152,15,,T4c,False
71938,15,,T2a,False
86778,15,,T4a,False
89368,15,,T4c,False
74287,15,,Tm3,False
95926,15,,T4a,False
94282,15,,T4c,False
100032,15,,T4c,False
149504,14,,T4d,False
90533,14,,T4c,False
97028,14,,T4c,False
83979,14,,T4a,False
539983,14,,T4c,False
93985,14,,T4c,False
96003,14,,T4d,False
63673,14,,Tm3,False
64849,14,,Tm3,False
82121,14,,Tm3,False
92281,14,,T4c,False
105126,14,,T4c,False
119601,14,,T4d,False
88746,14,,Tm3,False
62851,14,,Tm3,False
94356,14,,T4c,False
117631,14,,T4d,False
113414,14,,T4d,False
76788,14,,T4b,False
105849,14,,T4d,False
74927,13,,Tm3,False
92911,13,,T4c,False
91283,13,,T4c,False
90657,13,,T4a,False
60886,13,,T2a,False
105403,13,,T4c,False
94283,13,,T4d,False
94081,13,,T4c,False
103022,13,,T4a,False
71228,13,,T2a,False
113107,13,,T4a,False
96812,13,,T4a,False
96576,13,,T4c,False
111613,13,,T4d,False
71931,13,,Tm3,False
93166,13,,T4c,False
94624,13,,T4a,False
69980,13,,Tm3,False
97288,13,,T4c,False
111928,13,,T4b,False
68982,13,,Tm3,False
47368,13,,TmY3,False
71052,13,,T2a,False
94071,13,,T4a,False
92472,12,,T4c,False
80812,12,,T4a,False
107334,12,,T4a,False
101215,12,,T4c,False
108974,12,,T4c,False
96434,12,,T4d,False
77383,12,,T2a,False
102791,12,,T4c,False
103025,12,,T4a,False
104257,12,,T4b,False
87763,12,,T4a,False
79358,12,,T2a,False
97853,12,,T4c,False
74374,12,,T2a,False
91987,12,,T4c,False
80483,12,,T4c,False
104256,12,,T4a,False
106401,12,,T4d,False
77906,11,,T2a,False
83307,11,,Tm3,False
79259,11,,T4b,False
83009,11,,T4b,False
77361,11,,T4a,False
115111,11,,T4a,False
97878,11,,T4b,False
98194,11,,T4d,False
91629,11,,T4a,False
89290,11,,T4d,False
107181,11,,T4c,False
87412,11,,T4c,False
123299,11,,T4c,False
81996,11,,T2a,False
103425,11,,T4a,False
102147,11,,T4c,False
99348,11,,T4c,False
95972,11,,T4d,False
79646,11,,Tm3,False
79314,11,,T4b,False
73447,10,,Tm3,False
97784,10,,T4c,False
63825,10,,Tm3,False
76074,10,,Tm3,False
90423,10,,T4b,False
121093,10,,T4b,False
118551,10,,Tm3,False
101302,10,,T4d,False
98654,10,,T4d,False
91366,10,,T4b,False
74504,10,,T2a,False
68212,10,,T2a,False
107445,10,,T4a,False
96126,10,,T4b,False
104336,10,,T4b,False
117627,10,,Tm3,False
95554,10,,T4b,False
67971,10,,Tm3,False
111949,10,,T4c,False
71230,10,,Tm3,False
99670,10,,T4c,False
88922,10,,T4c,False
112453,10,,T4c,False
90112,10,,T4c,False
117221,10,,T4c,False
97877,10,,T4d,False
108065,10,,T4c,False
71583,9,,Tm3,False
93527,9,,T4a,False
89282,9,,T4a,False
99572,9,,T4a,False
62894,9,,Tm3,False
89483,9,,T4a,False
97326,9,,T4c,False
99980,9,,T4c,False
111783,9,,T4a,False
80913,9,,T4a,False
63868,9,,T2a,False
103870,9,,T4a,False
103033,9,,T4a,False
74259,9,,T2a,False
102579,9,,T4b,False
76653,9,,T2a,False
65298,9,,T2a,False
77307,9,,Tm3,False
65513,8,,T2a,False
89784,8,,T4b,False
85229,8,,T4c,False
92114,8,,T4c,False
86536,8,,Tm3,False
75966,8,,T2a,False
83125,8,,T4b,False
97545,8,,T4c,False
78940,8,,T4a,False
93142,8,,T4a,False
96035,8,,T4d,False
99789,8,,T4d,False
87565,8,,T4a,False
85009,8,,Tm3,False
97184,8,,T4d,False
72796,8,,Tm3,False
111416,8,,Tm3,False
104714,8,,T4b,False
69380,8,,Tm3,False
111010,8,,T4c,False
99663,8,,T4c,False
70632,8,,Tm3,False
96260,8,,T4d,False
69546,8,,Tm3,False
117652,8,,T4d,False
108625,7,,T4b,False
68342,7,,Tm3,False
85152,7,,T4c,False
100897,7,,T4c,False
93877,7,,T4c,False
93360,7,,T4b,False
100247,7,,T4c,False
102298,7,,T4c,False
92706,7,,T4a,False
80033,7,,T4a,False
103108,7,,T4b,False
112458,7,,T4b,False
102910,7,,T4b,False
85536,7,,T4a,False
75381,7,,Tm3,False
71475,7,,Tm3,False
81015,7,,T4a,False
83465,7,,T4a,False
93865,7,,T4c,False
87814,7,,T4b,False
66980,7,,T2a,False
102572,7,,T4c,False
65531,7,,T2a,False
95528,7,,T4d,False
82099,7,,T4b,False
84063,7,,T4b,False
83677,7,,T4c,False
83689,7,,T4a,False
86932,7,,T4b,False
95990,6,,T4a,False
101721,6,,T4d,False
112027,6,,T4d,False
80670,6,,T4a,False
112594,6,,T4b,False
108043,6,,T4a,False
76621,6,,T2a,False
95287,6,,T4a,False
111623,6,,T4a,False
78597,6,,T2a,False
72148,6,,Tm3,False
95453,6,,T4a,False
87827,6,,T2a,False
64633,6,,T2a,False
104911,6,,T4c,False
77174,6,,T2a,False
102741,6,,T4c,False
80080,6,,T2a,False
102975,6,,T4b,False
112393,6,,T4a,False
92939,6,,T4b,False
98887,6,,T4b,False
104858,6,,T4b,False
108870,6,,T4a,False
85731,6,,T4d,False
96365,6,,T4a,False
107609,6,,T4d,False
76528,5,,Tm3,False
94755,5,,T4a,False
70281,5,,T2a,False
74159,5,,Tm3,False
89409,5,,T4a,False
100946,5,,T4c,False
533688,5,,Tm3,False
68918,5,,Tm3,False
117551,5,,Tm3,False
115511,5,,T4d,False
40716,5,,Tm3,False
112369,5,,T4d,False
85866,5,,T4b,False
98398,5,,T4c,False
111380,5,,Tm3,False
56136,5,,Tm3,False
69266,5,,Tm3,False
97105,5,,T4d,False
101685,5,,T4b,False
100206,5,,T4c,False
99137,5,,T4c,False
98222,5,,T4d,False
87390,5,,T2a,False
99011,5,,T4c,False
63021,5,,Tm3,False
48547,5,,TmY3,False
100673,5,,T4b,False
98245,5,,T4c,False
110910,5,,Tm3,False
79253,5,,T4a,False
121245,4,,Tm3,False
88005,4,,T4d,False
113991,4,,T4d,False
100501,4,,T4b,False
98625,4,,T4a,False
94948,4,,T4c,False
82299,4,,T4c,False
79271,4,,T4a,False
90049,4,,T4c,False
69889,4,,T2a,False
95239,4,,T4a,False
106950,4,,T4c,False
92431,4,,T4a,False
75848,4,,T2a,False
98748,4,,T4c,False
95532,4,,T4a,False
102519,4,,T4a,False
99157,4,,T4a,False
98393,4,,T4a,False
104622,4,,T4b,False
116187,4,,T4c,False
99731,4,,T4c,False
84008,4,,T4c,False
108438,4,,T4d,False
94743,4,,T4d,False
70524,4,,T2a,False
98598,4,,T4c,False
108066,4,,T4b,False
79704,4,,T4d,False
64712,4,,T2a,False
86635,4,,T4c,False
95928,4,,T4c,False
75660,4,,T2a,False
91303,4,,T4b,False
91444,4,,T4c,False
88625,4,,T4c,False
82038,4,,Tm3,False
104478,4,,T4d,False
102786,4,,Tm3,False
98575,4,,T4a,False
74375,4,,Tm3,False
91345,3,,T4c,False
101770,3,,T4b,False
70153,3,,Tm3,False
110160,3,,T4c,False
96211,3,,T4d,False
106912,3,,Tm3,False
116259,3,,T4b,False
85429,3,,T4d,False
105332,3,,T4b,False
91179,3,,T4a,False
121887,3,,T4b,False
85778,3,,T4b,False
94703,3,,T4c,False
78911,3,,Tm3,False
94305,3,,T4a,False
68412,3,,T2a,False
102801,3,,T4b,False
71161,3,,T2a,False
102045,3,,T4a,False
100956,3,,T4d,False
102991,3,,T4c,False
87896,3,,T4a,False
92229,3,,T4c,False
86175,3,,T4a,False
78561,3,,Tm3,False
85170,3,,T4c,False
98890,3,,T4c,False
86724,3,,Tm3,False
88698,3,,T4a,False
103497,3,,Tm3,False
95921,3,,T4c,False
92054,3,,T4b,False
75172,3,,T2a,False
108475,3,,T4b,False
103645,3,,T4c,False
71437,3,,T2a,False
92055,3,,T4c,False
85856,3,,TmY3,False
87808,3,,T4a,False
85126,3,,T4a,False
98360,3,,T4c,False
91913,3,,T4b,False
80582,3,,T4a,False
106535,2,,T4d,False
114391,2,,T4d,False
102462,2,,T4c,False
88084,2,,T4b,False
122308,2,,Tm3,False
107567,2,,T4c,False
91313,2,,T4a,False
109384,2,,T4d,False
75027,2,,Tm3,False
96676,2,,T4b,False
103557,2,,T4a,False
101620,2,,T4b,False
106701,2,,T4d,False
82211,2,,T2a,False
102703,2,,T4a,False
127615,2,,Tm3,False
75557,2,,Tm3,False
88575,2,,T4b,False
88617,2,,T4a,False
89099,2,,T4a,False
44592,2,,TmY3,False
104412,2,,T4a,False
94468,2,,T4c,False
86504,2,,T4b,False
96657,2,,T4c,False
105862,2,,T4d,False
119213,2,,T4c,False
82529,2,,T2a,False
97193,2,,T4a,False
81733,2,,Tm3,False
70642,2,,T2a,False
104450,2,,T4a,False
115369,2,,T4c,False
111304,2,,T4b,False
90567,2,,T4b,False
81309,2,,T2a,False
103765,2,,T4d,False
96728,2,,T4c,False
73723,2,,T2a,False
87289,2,,T4a,False
66791,2,,Tm3,False
96090,2,,T4c,False
100345,2,,T4c,False
119288,2,,T4d,False
103527,2,,T4c,False
97899,2,,T4a,False
102031,2,,T4c,False
96295,2,,T4b,False
78943,2,,T2a,False
74088,2,,T2a,False
112088,2,,T4d,False
87358,2,,T4a,False
133349,1,,Tm3,False
99837,1,,T4a,False
75473,1,,Tm3,False
118658,1,,T4a,False
98238,1,,T4b,False
104972,1,,T4a,False
99975,1,,T4c,False
97015,1,,T4a,False
98312,1,,T4a,False
107170,1,,T4b,False
97981,1,,T4a,False
92644,1,,T4d,False
110693,1,,Tm3,False
91510,1,,T4c,False
80906,1,,T4c,False
92684,1,,T4c,False
90419,1,,T4b,False
81548,1,,T2a,False
122333,1,,T4b,False
96262,1,,T4c,False
91076,1,,T4a,False
109593,1,,Tm3,False
98751,1,,T4a,False
116633,1,,T4c,False
126163,1,,Tm3,False
44564,1,,TmY3,False
90520,1,,T4a,False
111746,1,,Tm3,False
105242,1,,T4c,False
91804,1,,T4d,False
101732,1,,T4c,False
72066,1,,Tm3,False
71394,1,,T2a,False
106745,1,,T4b,False
75298,1,,T2a,False
97677,1,,T4c,False
98817,1,,T4a,False
93927,1,,T4a,False
101742,1,,T4c,False
83191,1,,T4a,False
94368,1,,T4a,False
96931,1,,T4b,False
123490,1,,Tm3,False
101994,1,,T4a,False
112179,1,,T4b,False
117364,1,,T4b,False
95005,1,,T4a,False
90900,1,,T4a,False
94471,1,,T4a,False
83042,1,,T4b,False
89020,1,,T4a,False
171349687,1,,Tm3,False
72005,1,,Tm3,False
100310,1,,T4d,False
105313,1,,T4a,False
104027,1,,T4d,False
105718,1,,T4b,False
74112,1,,T2a,False
80197,1,,T4a,False
118385,1,,T4b,False
85716,1,,T4c,False
83639,1,,T2a,False
84490,1,,T4a,False
83432,1,,Tm3,False
99316,1,,T4b,False
117151,1,,T4d,False
98837,1,,T4c,False
74937,1,,T2a,False
112744,1,,T4d,False
101441,1,,T4a,False
61500,1,,Tm3,False
93972,1,,T4a,False
100785,1,,T4b,False
95629,1,,T4c,False
96219,1,,T4b,False
68522,1,,T2a,False
88095,1,,T4d,False
99922,1,,T4c,False
70800,1,,Tm3,False
87452,1,,T2a,False
86715,1,,Tm3,False
104123,1,,T4b,False
79449,1,,T4b,False
66214,1,,T2a,False
95985,1,,T4c,False
151155,1,,T4b,False
98467,1,,T4d,False
93021,1,,T4a,False
94179,1,,T4a,False
94482,1,,T4d,False
106886,1,,T4c,False
84663,1,,T2a,False
81995,1,,Tm3,False
72426,1,,Tm3,False
94668,1,,T4d,False
89110,1,,Tm3,False
74044,1,,Tm3,False
105379,1,,T4c,False
105962,1,,T4b,False
98985,1,,T4c,False
101945,1,,T4b,False
103827,1,,T4c,False
78317,1,,T4a,False
118029,1,,T4b,False
107075,1,,T4d,False
62757,1,,T2a,False
93419,1,,T4b,False
