bodyId,type,instance,region,predictedNt
80012,T2a,,,acetylcholine
83201,T4b,,,acetylcholine
114850,Tm3,,,acetylcholine
101620,T4b,,,acetylcholine
44564,TmY3,,,acetylcholine
80564,T4c,,,acetylcholine
100053,T4a,,,acetylcholine
100105,T4a,,,acetylcholine
72839,Tm3,,,acetylcholine
49488,Mi4,,,gaba
98467,T4d,,,acetylcholine
77623,T2a,,,acetylcholine
36911,Mi1,,,acetylcholine
92996,T4a,,,acetylcholine
74061,Tm3,,,acetylcholine
108718,T4a,,,acetylcholine
82639,T2a,,,acetylcholine
64633,T2a,,,acetylcholine
122233,Tm3,,,acetylcholine
62302,Tm3,,,acetylcholine
106910,T4d,,,acetylcholine
98139,T4d,,,acetylcholine
42895,Mi1,,,acetylcholine
90465,T4a,,,acetylcholine
37243,Mi1,,,acetylcholine
108110,T4a,,,acetylcholine
99423,T4d,,,acetylcholine
107334,T4a,,,acetylcholine
119245,T4d,,,acetylcholine
77307,Tm3,,,acetylcholine
78148,T2a,,,acetylcholine
77294,T2a,,,acetylcholine
72148,Tm3,,,acetylcholine
10012,VS,,,acetylcholine
49516,TmY3,,,acetylcholine
38230,Mi1,,,acetylcholine
102495,T4b,,,acetylcholine
87565,T4a,,,acetylcholine
95810,T2a,,,acetylcholine
107211,T4d,,,acetylcholine
48283,TmY3,,,acetylcholine
35734,Mi1,,,acetylcholine
92644,T4d,,,acetylcholine
105099,T4b,,,acetylcholine
99837,T4a,,,acetylcholine
44700,Mi1,,,acetylcholine
116968,T4c,,,acetylcholine
86696,T4d,,,acetylcholine
32893,Mi1,,,acetylcholine
65810,Tm3,,,acetylcholine
85063,T2a,,,acetylcholine
101788,T4b,,,acetylcholine
126419,T4d,,,acetylcholine
105386,T4d,,,acetylcholine
19260,LC4,,,acetylcholine
93021,T4a,,,acetylcholine
76137,T2a,,,acetylcholine
37587,LC4,,,acetylcholine
72132,Tm3,,,acetylcholine
94224,T4b,,,acetylcholine
84445,T2a,,,acetylcholine
107010,T4d,,,acetylcholine
38767,Mi1,,,acetylcholine
92886,Tm3,,,acetylcholine
97784,T4c,,,acetylcholine
71188,T2a,,,acetylcholine
88084,T4b,,,acetylcholine
108736,T4b,,,acetylcholine
81211,Tm3,,,acetylcholine
56505,Mi4,,,gaba
71359,T2,,,acetylcholine
96816,Mi4,,,gaba
94574,T4c,,,acetylcholine
69916,T2,,,acetylcholine
79259,T4b,,,acetylcholine
120351,T4c,,,acetylcholine
99146,T4c,,,acetylcholine
73284,T2a,,,acetylcholine
108161,T4a,,,acetylcholine
55198,TmY3,,,acetylcholine
85937,Tm3,,,acetylcholine
70112,T2,,,acetylcholine
102688,T4b,,,acetylcholine
141724,Tm3,,,acetylcholine
36695,Mi1,,,acetylcholine
57398,Mi1,,,acetylcholine
75318,T2,,,acetylcholine
40854,Mi1,,,acetylcholine
75136,T2a,,,acetylcholine
129098,T4b,,,acetylcholine
105613,T4b,,,acetylcholine
92862,T4b,,,acetylcholine
75227,T2a,,,acetylcholine
35777,Mi1,,,acetylcholine
98349,T4a,,,acetylcholine
80989,Tm3,,,acetylcholine
95982,T4d,,,acetylcholine
105882,T4c,,,acetylcholine
59323,T2,,,acetylcholine
115882,T4b,,,acetylcholine
70469,Mi4,,,gaba
82338,Tm3,,,acetylcholine
37138,Mi1,,,acetylcholine
119636,T4c,,,acetylcholine
110531,T4a,,,acetylcholine
61551,Mi9,,,glutamate
103638,Tm3,,,acetylcholine
80177,Tm3,,,acetylcholine
110646,T4b,,,acetylcholine
69387,T2,,,acetylcholine
70806,T2,,,acetylcholine
103195,T4a,,,acetylcholine
105962,T4b,,,acetylcholine
117262,Tm3,,,acetylcholine
96394,T4b,,,acetylcholine
95883,T4a,,,acetylcholine
112794,T4d,,,acetylcholine
39894,T4b,,,acetylcholine
102388,T4d,,,acetylcholine
516909,LC4,,,acetylcholine
118854,T4c,,,acetylcholine
45341,Mi4,,,gaba
105180,T4c,,,acetylcholine
41671,TmY3,,,acetylcholine
54087,Mi1,,,acetylcholine
78172,TmY3,,,acetylcholine
84267,T4c,,,acetylcholine
68842,TmY3,,,acetylcholine
79834,T2a,,,acetylcholine
78470,Tm3,,,acetylcholine
67353,T2,,,acetylcholine
100633,T4a,,,acetylcholine
77537,T2a,,,acetylcholine
122170,T4c,,,acetylcholine
85856,TmY3,,,acetylcholine
89266,TmY3,,,acetylcholine
67415,T2,,,acetylcholine
98985,T4c,,,acetylcholine
102295,T4d,,,acetylcholine
112241,T4b,,,acetylcholine
114589,T4b,,,acetylcholine
95435,T4d,,,acetylcholine
47465,TmY3,,,acetylcholine
107507,T4a,,,acetylcholine
113983,T4d,,,acetylcholine
97011,T4b,,,acetylcholine
117142,T4d,,,acetylcholine
38486,Mi4,,,gaba
57871,T2,,,acetylcholine
100073,T4c,,,acetylcholine
71475,Tm3,,,acetylcholine
59599,T2,,,acetylcholine
65671,Mi1,,,acetylcholine
40936,Mi1,,,acetylcholine
71931,Tm3,,,acetylcholine
118385,T4b,,,acetylcholine
111613,T4d,,,acetylcholine
89025,T4a,,,acetylcholine
91510,T4c,,,acetylcholine
72144,T2,,,acetylcholine
107412,Tm3,,,acetylcholine
38893,Mi1,,,acetylcholine
99789,T4d,,,acetylcholine
81372,Tm3,,,acetylcholine
127153,Tm3,,,acetylcholine
96035,T4d,,,acetylcholine
17054,LC4,,,acetylcholine
102220,T4a,,,acetylcholine
85126,T4a,,,acetylcholine
76446,TmY3,,,acetylcholine
72989,Tm3,,,acetylcholine
27624,LC4,,,acetylcholine
118638,T4d,,,acetylcholine
18396,LC4,,,acetylcholine
103780,T4c,,,acetylcholine
93972,T4a,,,acetylcholine
49788,TmY3,,,acetylcholine
89866,T4b,,,acetylcholine
99863,T4d,,,acetylcholine
87328,Tm3,,,acetylcholine
11134,VSm,,,acetylcholine
88140,T4c,,,acetylcholine
81714,T2a,,,acetylcholine
92380,T4a,,,acetylcholine
99774,T4d,,,acetylcholine
36097,Mi4,,,gaba
86720,Tm3,,,acetylcholine
800146,TTMn,,,histamine
79704,T4d,,,acetylcholine
44244,TmY3,,,acetylcholine
35774,Mi1,,,acetylcholine
49942,TmY3,,,acetylcholine
88642,T4a,,,acetylcholine
23929,LC4,,,acetylcholine
30997,Mi1,,,acetylcholine
118822,Tm3,,,acetylcholine
85074,T4a,,,acetylcholine
74731,T2a,,,acetylcholine
120448,T4b,,,acetylcholine
121088,T4c,,,acetylcholine
40596,Mi1,,,acetylcholine
104262,T4a,,,acetylcholine
101728,T4b,,,acetylcholine
114832,T4c,,,acetylcholine
111017,T4d,,,acetylcholine
108307,T4b,,,acetylcholine
68678,T2,,,acetylcholine
77594,T2a,,,acetylcholine
17548,LC4,,,acetylcholine
517752,LC4,,,acetylcholine
118480,T4c,,,acetylcholine
92181,T4a,,,acetylcholine
93334,T4b,,,acetylcholine
46230,TmY3,,,acetylcholine
82929,T2a,,,acetylcholine
84759,T2a,,,acetylcholine
93688,T4a,,,acetylcholine
103654,T4b,,,acetylcholine
103923,T4d,,,acetylcholine
77791,T2a,,,acetylcholine
72859,Tm3,,,acetylcholine
117364,T4b,,,acetylcholine
112369,T4d,,,acetylcholine
100946,T4c,,,acetylcholine
89282,T4a,,,acetylcholine
110793,T4a,,,acetylcholine
48894,TmY3,,,acetylcholine
102801,T4b,,,acetylcholine
118260,T4d,,,acetylcholine
88452,Mi4,,,gaba
75172,T2a,,,acetylcholine
98837,T4c,,,acetylcholine
101072,T4b,,,acetylcholine
116946,T4d,,,acetylcholine
80929,T2a,,,acetylcholine
75067,TmY3,,,acetylcholine
49324,Mi1,,,acetylcholine
65298,T2a,,,acetylcholine
76653,T2a,,,acetylcholine
72543,Tm3,,,acetylcholine
36540,Mi1,,,acetylcholine
117642,T4b,,,acetylcholine
91070,Tm3,,,acetylcholine
54211,TmY3,,,acetylcholine
112381,T4d,,,acetylcholine
130376,Tm3,,,acetylcholine
37391,Mi1,,,acetylcholine
102845,T4b,,,acetylcholine
100018,T4a,,,acetylcholine
69230,T2,,,acetylcholine
89485,T4a,,,acetylcholine
33766,Mi1,,,acetylcholine
135189,Tm3,,,acetylcholine
114229,T2a,,,acetylcholine
69186,Tm3,,,acetylcholine
71061,Tm3,,,acetylcholine
97186,T4a,,,acetylcholine
112954,T4d,,,acetylcholine
35683,Mi1,,,acetylcholine
85039,T2a,,,acetylcholine
110384,T4b,,,acetylcholine
94567,T4c,,,acetylcholine
43965,Mi1,,,acetylcholine
121170,Tm3,,,acetylcholine
104996,T4a,,,acetylcholine
10206,VS,,,acetylcholine
83067,T4b,,,acetylcholine
58599,T2,,,acetylcholine
110855,T4a,,,acetylcholine
77916,T2a,,,acetylcholine
37677,Mi1,,,acetylcholine
67810,Tm3,,,acetylcholine
94973,T4c,,,acetylcholine
102147,T4c,,,acetylcholine
108675,T4b,,,acetylcholine
140868,Tm3,,,acetylcholine
83509,T2a,,,acetylcholine
92842,T4a,,,acetylcholine
46993,T2a,,,acetylcholine
34463,Mi1,,,acetylcholine
10687,OA-AL2i3,,,octopamine
102229,T4d,,,acetylcholine
98964,T2a,,,acetylcholine
81620,T2a,,,acetylcholine
51191,TmY3,,,acetylcholine
65443,T2a,,,acetylcholine
98654,T4d,,,acetylcholine
34057,Mi1,,,acetylcholine
102401,T2,,,acetylcholine
77788,T2,,,acetylcholine
117320,T4d,,,acetylcholine
93877,T4c,,,acetylcholine
88746,Tm3,,,acetylcholine
68358,T2,,,acetylcholine
80435,T2a,,,acetylcholine
10322,OA-AL2i2,,,octopamine
126286,Tm3,,,acetylcholine
38710,Mi1,,,acetylcholine
77906,T2a,,,acetylcholine
73298,T2,,,acetylcholine
73098,T2a,,,acetylcholine
83912,T2a,,,acetylcholine
37509,Mi1,,,acetylcholine
97885,T4a,,,acetylcholine
82598,Mi4,,,gaba
44449,TmY3,,,acetylcholine
65235,T2,,,acetylcholine
37680,Mi1,,,acetylcholine
23226,LC4,,,acetylcholine
34626,Mi1,,,acetylcholine
74375,Tm3,,,acetylcholine
48939,Mi4,,,gaba
101441,T4a,,,acetylcholine
106338,T4a,,,acetylcholine
49930,TmY3,,,acetylcholine
106028,T4b,,,acetylcholine
117631,T4d,,,acetylcholine
86778,T4a,,,acetylcholine
89102,T4d,,,acetylcholine
123704,T4d,,,acetylcholine
124665,T4b,,,acetylcholine
86715,Tm3,,,acetylcholine
546524,Mi1,,,acetylcholine
116313,T4a,,,acetylcholine
57164,TmY3,,,acetylcholine
38529,Mi1,,,acetylcholine
116816,T4d,,,acetylcholine
93600,T4a,,,acetylcholine
95990,T4a,,,acetylcholine
133950,Tm3,,,acetylcholine
44746,TmY3,,,acetylcholine
56539,Mi4,,,gaba
103108,T4b,,,acetylcholine
97829,Tm3,,,acetylcholine
74778,Mi4,,,gaba
103346,T4a,,,acetylcholine
64913,T2,,,acetylcholine
123564,Tm3,,,acetylcholine
44222,Mi1,,,acetylcholine
104884,T4b,,,acetylcholine
92027,Tm3,,,acetylcholine
69723,Tm3,,,acetylcholine
68951,TmY3,,,acetylcholine
104700,T4b,,,acetylcholine
100855,T4a,,,acetylcholine
73320,T2,,,acetylcholine
85009,Tm3,,,acetylcholine
38487,Mi1,,,acetylcholine
109326,T4c,,,acetylcholine
110076,T4c,,,acetylcholine
20282,LC4,,,acetylcholine
94546,T4b,,,acetylcholine
72558,T2a,,,acetylcholine
101645,T4a,,,acetylcholine
75391,Tm3,,,acetylcholine
65348,TmY3,,,acetylcholine
92342,Tm3,,,acetylcholine
10025,H2,,,acetylcholine
49372,TmY3,,,acetylcholine
106701,T4d,,,acetylcholine
105909,T4c,,,acetylcholine
100032,T4c,,,acetylcholine
92939,T4b,,,acetylcholine
130994,Tm3,,,acetylcholine
94468,T4c,,,acetylcholine
108270,T4b,,,acetylcholine
41136,Mi1,,,acetylcholine
74010,T2a,,,acetylcholine
93482,T4d,,,acetylcholine
41668,Mi1,,,acetylcholine
62112,Tm3,,,acetylcholine
133965,Tm3,,,acetylcholine
30923,TmY3,,,acetylcholine
85429,T4d,,,acetylcholine
94329,T4c,,,acetylcholine
81996,T2a,,,acetylcholine
105545,T4d,,,acetylcholine
66896,T2a,,,acetylcholine
72794,Tm3,,,acetylcholine
35580,Mi1,,,acetylcholine
76886,T2a,,,acetylcholine
112969,T4c,,,acetylcholine
98137,T4d,,,acetylcholine
75304,T2a,,,acetylcholine
111746,Tm3,,,acetylcholine
91469,T4c,,,acetylcholine
101772,Tm3,,,acetylcholine
123434,T4d,,,acetylcholine
110290,T4b,,,acetylcholine
71622,T2a,,,acetylcholine
110935,T4c,,,acetylcholine
41709,Mi1,,,acetylcholine
78739,T4b,,,acetylcholine
35405,Mi1,,,acetylcholine
64977,T2,,,acetylcholine
108066,T4b,,,acetylcholine
554753,T4b,,,acetylcholine
91444,T4c,,,acetylcholine
43069,Mi4,,,gaba
19634,LC4,,,acetylcholine
34867,Mi1,,,acetylcholine
90656,T2a,,,acetylcholine
119103,T4c,,,acetylcholine
117652,T4d,,,acetylcholine
58553,TmY3,,,acetylcholine
68454,Mi4,,,gaba
109384,T4d,,,acetylcholine
39500,Mi1,,,acetylcholine
85440,Tm3,,,acetylcholine
130150,Tm3,,,acetylcholine
10010,DNp01,,,acetylcholine
98598,T4c,,,acetylcholine
82723,T2a,,,acetylcholine
111046,T4b,,,acetylcholine
76567,T2a,,,acetylcholine
65806,T2,,,acetylcholine
55098,TmY3,,,acetylcholine
76380,Tm3,,,acetylcholine
74527,Tm3,,,acetylcholine
87566,T4a,,,acetylcholine
71938,T2a,,,acetylcholine
69441,Tm3,,,acetylcholine
12824,LC4,,,acetylcholine
90136,Mi4,,,gaba
83227,Tm3,,,acetylcholine
39275,Mi1,,,acetylcholine
104689,T4c,,,acetylcholine
112310,T4d,,,acetylcholine
87298,T2a,,,acetylcholine
100050,T4a,,,acetylcholine
102511,T4d,,,acetylcholine
58221,T2,,,acetylcholine
98381,T4d,,,acetylcholine
79138,T2a,,,acetylcholine
85292,Tm3,,,acetylcholine
119288,T4d,,,acetylcholine
79849,Tm3,,,acetylcholine
107709,T4a,,,acetylcholine
39718,Mi1,,,acetylcholine
113852,T4b,,,acetylcholine
68522,T2a,,,acetylcholine
101878,T4a,,,acetylcholine
55248,Mi4,,,gaba
62505,TmY3,,,acetylcholine
111821,T4a,,,acetylcholine
111767,T4b,,,acetylcholine
67877,T2a,,,acetylcholine
80567,TmY3,,,acetylcholine
100501,T4b,,,acetylcholine
101873,T4b,,,acetylcholine
69834,T2,,,acetylcholine
95541,T4b,,,acetylcholine
159987,Tm3,,,acetylcholine
82029,T2a,,,acetylcholine
69692,T2,,,acetylcholine
96835,T4b,,,acetylcholine
91222,T4d,,,acetylcholine
34272,Mi1,,,acetylcholine
100422,T4d,,,acetylcholine
533129,LC4,,,acetylcholine
82689,T2a,,,acetylcholine
104908,T4c,,,acetylcholine
137939,Tm3,,,acetylcholine
96295,T4b,,,acetylcholine
82121,Tm3,,,acetylcholine
85229,T4c,,,acetylcholine
81481,T2a,,,acetylcholine
55976,Mi1,,,acetylcholine
47686,TmY3,,,acetylcholine
116259,T4b,,,acetylcholine
100282,T4a,,,acetylcholine
102572,T4c,,,acetylcholine
80086,Tm3,,,acetylcholine
103527,T4c,,,acetylcholine
73054,T2,,,acetylcholine
70177,T2,,,acetylcholine
94481,T2,,,acetylcholine
103302,T4c,,,acetylcholine
75858,T2,,,acetylcholine
97184,T4d,,,acetylcholine
17270,LC4,,,acetylcholine
77779,T2a,,,acetylcholine
537004,VSm,,,acetylcholine
98175,T4c,,,acetylcholine
98398,T4c,,,acetylcholine
38857,Mi1,,,acetylcholine
95356,T4a,,,acetylcholine
61500,Tm3,,,acetylcholine
163245,T4d,,,acetylcholine
91909,T2a,,,acetylcholine
117748,Tm3,,,acetylcholine
65106,T2,,,acetylcholine
136871,T4d,,,acetylcholine
48690,TmY3,,,acetylcholine
40026,TmY3,,,acetylcholine
70706,T2,,,acetylcholine
88167,T4b,,,acetylcholine
75283,T2,,,acetylcholine
35512,Mi1,,,acetylcholine
99177,T4b,,,acetylcholine
104257,T4b,,,acetylcholine
70158,T2a,,,acetylcholine
101463,T4d,,,acetylcholine
87477,T2a,,,acetylcholine
109916,T4d,,,acetylcholine
105040,T4b,,,acetylcholine
72190,Tm3,,,acetylcholine
82282,Tm3,,,acetylcholine
107356,T4d,,,acetylcholine
103211,T4a,,,acetylcholine
83379,Tm3,,,acetylcholine
77254,Tm3,,,acetylcholine
61435,TmY3,,,acetylcholine
20859,LC4,,,acetylcholine
36954,Mi1,,,acetylcholine
83583,T4d,,,acetylcholine
39525,Mi1,,,acetylcholine
116488,T4b,,,acetylcholine
53402,TmY3,,,acetylcholine
81309,T2a,,,acetylcholine
101945,T4b,,,acetylcholine
90520,T4a,,,acetylcholine
77891,Tm3,,,acetylcholine
80250,T2a,,,acetylcholine
85598,T4b,,,acetylcholine
87939,T4b,,,acetylcholine
66217,T2,,,acetylcholine
114118,T4c,,,acetylcholine
76621,T2a,,,acetylcholine
44862,Mi4,,,gaba
72173,T2a,,,acetylcholine
101382,T4c,,,acetylcholine
100165,T4b,,,acetylcholine
68773,Mi4,,,gaba
107489,T4c,,,acetylcholine
123299,T4c,,,acetylcholine
89698,T2a,,,acetylcholine
83682,Tm3,,,acetylcholine
61768,T2,,,acetylcholine
22328,LC4,,,acetylcholine
87114,T2a,,,acetylcholine
40958,Mi1,,,acetylcholine
102298,T4c,,,acetylcholine
58862,Mi1,,,acetylcholine
81768,Tm3,,,acetylcholine
115214,T4b,,,acetylcholine
51963,TmY3,,,acetylcholine
88933,T4a,,,acetylcholine
95416,Mi4,,,gaba
41762,TmY3,,,acetylcholine
68605,T2,,,acetylcholine
116343,T4a,,,acetylcholine
37108,Mi1,,,acetylcholine
81037,T2a,,,acetylcholine
75419,T2,,,acetylcholine
10555,OA-VUMa3,,,octopamine
35840,Mi1,,,acetylcholine
110071,T4d,,,acetylcholine
99519,T4a,,,acetylcholine
31308,LC4,,,acetylcholine
97139,T2a,,,acetylcholine
51049,Mi1,,,acetylcholine
71308,Tm3,,,acetylcholine
134209,Tm3,,,acetylcholine
101123,T4c,,,acetylcholine
138496,Tm3,,,acetylcholine
89864,T4b,,,acetylcholine
67152,Tm3,,,acetylcholine
47962,TmY3,,,acetylcholine
85837,Tm3,,,acetylcholine
69536,Tm3,,,acetylcholine
83567,T2a,,,acetylcholine
122961,T4d,,,acetylcholine
125288,Tm3,,,acetylcholine
95677,T4c,,,acetylcholine
47211,Mi1,,,acetylcholine
109631,T4b,,,acetylcholine
134323,Tm3,,,acetylcholine
72619,T2a,,,acetylcholine
94283,T4d,,,acetylcholine
97680,Tm3,,,acetylcholine
87669,T2a,,,acetylcholine
104390,T4a,,,acetylcholine
92006,T4a,,,acetylcholine
90135,T4c,,,acetylcholine
82618,T2a,,,acetylcholine
108740,T4c,,,acetylcholine
95736,T4c,,,acetylcholine
69090,T2,,,acetylcholine
74373,Tm3,,,acetylcholine
99131,T4c,,,acetylcholine
56291,TmY3,,,acetylcholine
122308,Tm3,,,acetylcholine
84044,T2a,,,acetylcholine
34296,Mi1,,,acetylcholine
62699,T2,,,acetylcholine
66808,Tm3,,,acetylcholine
91781,Tm3,,,acetylcholine
79070,T2a,,,acetylcholine
84394,Mi4,,,gaba
62560,T2,,,acetylcholine
116187,T4c,,,acetylcholine
71447,T4c,,,acetylcholine
73371,T2a,,,acetylcholine
101379,T4d,,,acetylcholine
102910,T4b,,,acetylcholine
98226,T4b,,,acetylcholine
35152,Mi1,,,acetylcholine
100838,T4c,,,acetylcholine
43425,TmY3,,,acetylcholine
115818,T4a,,,acetylcholine
112993,T4b,,,acetylcholine
67449,TmY3,,,acetylcholine
99258,T4c,,,acetylcholine
35890,Mi1,,,acetylcholine
107143,T4d,,,acetylcholine
98404,T4d,,,acetylcholine
78215,T2a,,,acetylcholine
34404,Mi1,,,acetylcholine
107486,T4c,,,acetylcholine
48463,Mi4,,,gaba
65727,T2,,,acetylcholine
51767,TmY3,,,acetylcholine
84292,T4d,,,acetylcholine
97004,T4c,,,acetylcholine
45322,Mi1,,,acetylcholine
93045,T4b,,,acetylcholine
125396,T4b,,,acetylcholine
109563,T4d,,,acetylcholine
38477,Mi1,,,acetylcholine
79358,T2a,,,acetylcholine
10112,VS,,,acetylcholine
87873,T4b,,,acetylcholine
81370,T4a,,,acetylcholine
67131,Tm3,,,acetylcholine
77138,Tm3,,,acetylcholine
110182,T4c,,,acetylcholine
68918,Tm3,,,acetylcholine
68264,Tm3,,,acetylcholine
30803,LC4,,,acetylcholine
111078,Tm3,,,acetylcholine
113107,T4a,,,acetylcholine
108594,T4d,,,acetylcholine
104110,T4a,,,acetylcholine
76502,T2,,,acetylcholine
64539,Tm3,,,acetylcholine
74997,Tm3,,,acetylcholine
74502,Tm3,,,acetylcholine
101230,T4a,,,acetylcholine
58945,Tm3,,,acetylcholine
42758,Mi1,,,acetylcholine
89416,T4c,,,acetylcholine
102257,T4a,,,acetylcholine
56281,Mi4,,,gaba
98000,T4b,,,acetylcholine
35045,Mi1,,,acetylcholine
128396,T4d,,,acetylcholine
38648,Mi1,,,acetylcholine
27829,LC4,,,acetylcholine
75742,T2,,,acetylcholine
113278,T4b,,,acetylcholine
111581,T4d,,,acetylcholine
118884,T4c,,,acetylcholine
36446,Mi1,,,acetylcholine
43063,Mi1,,,acetylcholine
110555,T4b,,,acetylcholine
116049,T4d,,,acetylcholine
82724,Tm3,,,acetylcholine
99950,T4c,,,acetylcholine
78728,Tm3,,,acetylcholine
73412,Tm3,,,acetylcholine
74411,Mi1,,,acetylcholine
64897,T2,,,acetylcholine
101742,T4c,,,acetylcholine
41804,Mi1,,,acetylcholine
56984,TmY3,,,acetylcholine
100981,T4d,,,acetylcholine
40426,Mi1,,,acetylcholine
107819,T4c,,,acetylcholine
76925,T2a,,,acetylcholine
16138,LC4,,,acetylcholine
87722,T2a,,,acetylcholine
92054,T4b,,,acetylcholine
106886,T4c,,,acetylcholine
97677,T4c,,,acetylcholine
20016,LC4,,,acetylcholine
92273,T2a,,,acetylcholine
66858,Mi4,,,gaba
104942,T4a,,,acetylcholine
96728,T4c,,,acetylcholine
86902,T2a,,,acetylcholine
39651,Mi1,,,acetylcholine
75076,T2,,,acetylcholine
79271,T4a,,,acetylcholine
81471,Tm3,,,acetylcholine
60235,TmY3,,,acetylcholine
52350,Mi1,,,acetylcholine
85616,T2a,,,acetylcholine
126882,Tm3,,,acetylcholine
86419,Tm3,,,acetylcholine
64058,T2,,,acetylcholine
73701,T2a,,,acetylcholine
70321,Tm3,,,acetylcholine
105673,T4a,,,acetylcholine
68276,T2,,,acetylcholine
107464,T4a,,,acetylcholine
106745,T4b,,,acetylcholine
60510,T2,,,acetylcholine
52334,TmY3,,,acetylcholine
15018,LC4,,,acetylcholine
117179,T4c,,,acetylcholine
113410,T4d,,,acetylcholine
95921,T4c,,,acetylcholine
95235,T4d,,,acetylcholine
65925,Tm3,,,acetylcholine
72829,T2a,,,acetylcholine
43978,Mi1,,,acetylcholine
95227,T4a,,,acetylcholine
101685,T4b,,,acetylcholine
72983,T2a,,,acetylcholine
79566,T2a,,,acetylcholine
85378,T4a,,,acetylcholine
71583,Tm3,,,acetylcholine
97161,T4a,,,acetylcholine
67554,T2,,,acetylcholine
84251,T2a,,,acetylcholine
78437,Tm3,,,acetylcholine
135112,Tm3,,,acetylcholine
101732,T4c,,,acetylcholine
58196,TmY3,,,acetylcholine
89182,Tm3,,,acetylcholine
75628,T2a,,,acetylcholine
96307,T4a,,,acetylcholine
114884,T4d,,,acetylcholine
112750,T4c,,,acetylcholine
85007,T4c,,,acetylcholine
42006,TmY3,,,acetylcholine
103870,T4a,,,acetylcholine
49894,TmY3,,,acetylcholine
120916,T4d,,,acetylcholine
98938,T4a,,,acetylcholine
61394,T2,,,acetylcholine
85384,T2a,,,acetylcholine
98312,T4a,,,acetylcholine
93622,T4c,,,acetylcholine
62272,T2,,,acetylcholine
518730,LC4,,,acetylcholine
89604,Tm3,,,acetylcholine
124335,T4d,,,acetylcholine
37599,Mi1,,,acetylcholine
84471,T2a,,,acetylcholine
94153,T4d,,,acetylcholine
108697,T4d,,,acetylcholine
68858,T2,,,acetylcholine
63747,T2,,,acetylcholine
109649,T4c,,,acetylcholine
73122,T2a,,,acetylcholine
40505,Mi1,,,acetylcholine
56942,Mi4,,,gaba
103570,T4d,,,acetylcholine
102742,T4d,,,acetylcholine
103210,T4b,,,acetylcholine
35616,LC4,,,acetylcholine
59528,T2a,,,acetylcholine
99572,T4a,,,acetylcholine
40795,Mi1,,,acetylcholine
58703,T2,,,acetylcholine
83613,T4b,,,acetylcholine
78943,T2a,,,acetylcholine
114457,T4d,,,acetylcholine
82907,Tm3,,,acetylcholine
111919,T4a,,,acetylcholine
91366,T4b,,,acetylcholine
122333,T4b,,,acetylcholine
99292,T4a,,,acetylcholine
120016,Tm3,,,acetylcholine
88435,Tm3,,,acetylcholine
77232,T2,,,acetylcholine
77557,T4b,,,acetylcholine
519650,LC4,,,acetylcholine
91857,T4b,,,acetylcholine
34849,Mi1,,,acetylcholine
80838,T2a,,,acetylcholine
65515,T2,,,acetylcholine
35017,Mi1,,,acetylcholine
93984,T4b,,,acetylcholine
94573,T4c,,,acetylcholine
90112,T4c,,,acetylcholine
79875,T4c,,,acetylcholine
60594,TmY3,,,acetylcholine
117911,T4b,,,acetylcholine
70638,Mi4,,,gaba
78750,Mi4,,,gaba
77582,T2,,,acetylcholine
35724,Mi1,,,acetylcholine
68840,TmY3,,,acetylcholine
20634,VST1,,,acetylcholine
79345,T2a,,,acetylcholine
102370,T4c,,,acetylcholine
90097,T4c,,,acetylcholine
46827,Mi1,,,acetylcholine
56918,TmY3,,,acetylcholine
70359,T2,,,acetylcholine
97171,T4d,,,acetylcholine
78582,T2a,,,acetylcholine
44592,TmY3,,,acetylcholine
74927,Tm3,,,acetylcholine
100750,T4c,,,acetylcholine
105412,T4a,,,acetylcholine
103033,T4a,,,acetylcholine
91987,T4c,,,acetylcholine
64579,T2,,,acetylcholine
16128,LC4,,,acetylcholine
80793,T2a,,,acetylcholine
63420,Mi1,,,acetylcholine
37839,Mi1,,,acetylcholine
70632,Tm3,,,acetylcholine
137694,Tm3,,,acetylcholine
63280,T2,,,acetylcholine
127170,Tm3,,,acetylcholine
33017,Mi1,,,acetylcholine
100046,T4b,,,acetylcholine
34171,Mi1,,,acetylcholine
80429,T2a,,,acetylcholine
118886,T2,,,acetylcholine
78108,T2a,,,acetylcholine
68562,T2a,,,acetylcholine
75618,T2a,,,acetylcholine
106801,T4c,,,acetylcholine
76962,T2a,,,acetylcholine
117221,T4c,,,acetylcholine
106166,T4b,,,acetylcholine
80906,T4c,,,acetylcholine
97981,T4a,,,acetylcholine
89479,T2a,,,acetylcholine
83365,T2a,,,acetylcholine
66334,T2,,,acetylcholine
21287,LC4,,,acetylcholine
117862,T4d,,,acetylcholine
97503,Tm3,,,acetylcholine
134515,Tm3,,,acetylcholine
80093,T2a,,,acetylcholine
77723,T2a,,,acetylcholine
125259,T4c,,,acetylcholine
82145,T2a,,,acetylcholine
109023,T4c,,,acetylcholine
99731,T4c,,,acetylcholine
87424,T4d,,,acetylcholine
64050,T2,,,acetylcholine
87110,Mi4,,,gaba
171349687,Tm3,,,acetylcholine
78773,Tm3,,,acetylcholine
114698,T4b,,,acetylcholine
59277,TmY3,,,acetylcholine
111685,T4d,,,acetylcholine
33110,Mi1,,,acetylcholine
52496,Mi4,,,gaba
90311,T4a,,,acetylcholine
100406,T4b,,,acetylcholine
102791,T4c,,,acetylcholine
116605,T4d,,,acetylcholine
83677,T4c,,,acetylcholine
66325,Tm3,,,acetylcholine
131329,Tm3,,,acetylcholine
108249,T4a,,,acetylcholine
108276,T4a,,,acetylcholine
39405,Mi1,,,acetylcholine
102595,T4d,,,acetylcholine
37568,Mi1,,,acetylcholine
40716,Tm3,,,acetylcholine
10204,OA-AL2i2,,,octopamine
105574,T4d,,,acetylcholine
16628,LC4,,,acetylcholine
89934,T4d,,,acetylcholine
84663,T2a,,,acetylcholine
84781,Tm3,,,acetylcholine
100033,T4c,,,acetylcholine
100206,T4c,,,acetylcholine
104297,T4a,,,acetylcholine
82038,Tm3,,,acetylcholine
75484,Tm3,,,acetylcholine
92823,T4d,,,acetylcholine
112453,T4c,,,acetylcholine
119213,T4c,,,acetylcholine
11551,VS,,,acetylcholine
533688,Tm3,,,acetylcholine
107297,T4c,,,acetylcholine
105671,T4b,,,acetylcholine
12349,LC4,,,acetylcholine
96262,T4c,,,acetylcholine
92472,T4c,,,acetylcholine
10755,H1,,,glutamate
115390,T4d,,,acetylcholine
107719,T4b,,,acetylcholine
82549,T4b,,,acetylcholine
78421,T2a,,,acetylcholine
83689,T4a,,,acetylcholine
64022,T2,,,acetylcholine
103677,T4b,,,acetylcholine
108119,T4c,,,acetylcholine
21225,LC4,,,acetylcholine
98846,T4c,,,acetylcholine
40085,Mi1,,,acetylcholine
69963,Tm3,,,acetylcholine
117865,T4a,,,acetylcholine
111761,T4b,,,acetylcholine
51050,TmY3,,,acetylcholine
128697,Tm3,,,acetylcholine
102564,T4a,,,acetylcholine
80654,T2a,,,acetylcholine
78999,T2a,,,acetylcholine
12521,HST,,,acetylcholine
95060,Tm3,,,acetylcholine
104354,T4b,,,acetylcholine
21151,LC4,,,acetylcholine
77491,T2a,,,acetylcholine
84364,Tm3,,,acetylcholine
65803,T2,,,acetylcholine
81015,T4a,,,acetylcholine
99982,T4d,,,acetylcholine
106922,T4c,,,acetylcholine
36158,Mi1,,,acetylcholine
74189,T2a,,,acetylcholine
83432,Tm3,,,acetylcholine
64784,T2,,,acetylcholine
68302,Tm3,,,acetylcholine
21721,LC4,,,acetylcholine
87203,T4a,,,acetylcholine
94482,T4d,,,acetylcholine
94147,T4a,,,acetylcholine
84773,T2a,,,acetylcholine
97306,T4a,,,acetylcholine
78603,Tm3,,,acetylcholine
81345,T2a,,,acetylcholine
16606,VST2,,,acetylcholine
78820,T2a,,,acetylcholine
79936,Tm3,,,acetylcholine
83031,Mi4,,,gaba
88035,Tm3,,,acetylcholine
64631,Mi4,,,gaba
104027,T4d,,,acetylcholine
112944,T4b,,,acetylcholine
85486,T4d,,,acetylcholine
112333,T4a,,,acetylcholine
87814,T4b,,,acetylcholine
63825,Tm3,,,acetylcholine
123251,T4d,,,acetylcholine
84689,Tm3,,,acetylcholine
92415,T4a,,,acetylcholine
102786,Tm3,,,acetylcholine
110138,T4a,,,acetylcholine
117882,T4b,,,acetylcholine
17987,LC4,,,acetylcholine
117857,T4d,,,acetylcholine
116129,T4b,,,acetylcholine
107835,T4b,,,acetylcholine
71019,T2,,,acetylcholine
93509,T4b,,,acetylcholine
50311,TmY3,,,acetylcholine
83468,T2a,,,acetylcholine
115636,T4d,,,acetylcholine
93100,Tm3,,,acetylcholine
103827,T4c,,,acetylcholine
91179,T4a,,,acetylcholine
34329,Mi1,,,acetylcholine
108907,T4c,,,acetylcholine
91674,T4a,,,acetylcholine
90467,T4d,,,acetylcholine
34658,Mi1,,,acetylcholine
85170,T4c,,,acetylcholine
107105,T4d,,,acetylcholine
103645,T4c,,,acetylcholine
89252,T4b,,,acetylcholine
92640,T4d,,,acetylcholine
103722,T4c,,,acetylcholine
111823,T4c,,,acetylcholine
99747,T4d,,,acetylcholine
134029,Tm3,,,acetylcholine
80494,Mi4,,,gaba
94930,T2a,,,acetylcholine
526158,Mi1,,,acetylcholine
90049,T4c,,,acetylcholine
59959,Mi1,,,acetylcholine
121093,T4b,,,acetylcholine
107170,T4b,,,acetylcholine
113991,T4d,,,acetylcholine
67963,Tm3,,,acetylcholine
36369,Mi1,,,acetylcholine
39505,Mi1,,,acetylcholine
115377,T4a,,,acetylcholine
32962,TmY3,,,acetylcholine
88698,T4a,,,acetylcholine
36177,Mi1,,,acetylcholine
97105,T4d,,,acetylcholine
98409,T4c,,,acetylcholine
84490,T4a,,,acetylcholine
82515,Tm3,,,acetylcholine
112393,T4a,,,acetylcholine
114088,T4d,,,acetylcholine
84008,T4c,,,acetylcholine
73941,T2,,,acetylcholine
103657,T4b,,,acetylcholine
51966,Mi4,,,gaba
31848,Mi1,,,acetylcholine
118924,Tm3,,,acetylcholine
109652,T4d,,,acetylcholine
85535,T2a,,,acetylcholine
86932,T4b,,,acetylcholine
85717,T2a,,,acetylcholine
117711,T4d,,,acetylcholine
111840,T4d,,,acetylcholine
85657,T4a,,,acetylcholine
111423,T4c,,,acetylcholine
90900,T4a,,,acetylcholine
114080,T4a,,,acetylcholine
41626,Mi1,,,acetylcholine
95017,T4c,,,acetylcholine
81548,T2a,,,acetylcholine
57349,Mi1,,,acetylcholine
33446,Mi1,,,acetylcholine
22772,LC4,,,acetylcholine
111010,T4c,,,acetylcholine
48986,TmY3,,,acetylcholine
133349,Tm3,,,acetylcholine
42533,TmY3,,,acetylcholine
66872,T2,,,acetylcholine
101380,T4d,,,acetylcholine
67728,T2,,,acetylcholine
90796,T4d,,,acetylcholine
102703,T4a,,,acetylcholine
95499,T4b,,,acetylcholine
99670,T4c,,,acetylcholine
67308,Mi1,,,acetylcholine
12896,OA-VUMa5,,,octopamine
84122,T2a,,,acetylcholine
64485,T2,,,acetylcholine
98039,T4d,,,acetylcholine
124699,T4b,,,acetylcholine
110482,T4b,,,acetylcholine
21336,LC4,,,acetylcholine
12032,LC4,,,acetylcholine
72314,T2,,,acetylcholine
151155,T4b,,,acetylcholine
129930,Tm3,,,acetylcholine
35428,Mi1,,,acetylcholine
101043,T4c,,,acetylcholine
109743,T4a,,,acetylcholine
37224,Mi1,,,acetylcholine
54552,Mi4,,,gaba
109593,Tm3,,,acetylcholine
110757,T4b,,,acetylcholine
119934,T4b,,,acetylcholine
79405,T2a,,,acetylcholine
101961,Tm3,,,acetylcholine
18189,LC4,,,acetylcholine
78529,Tm3,,,acetylcholine
81092,Tm3,,,acetylcholine
62015,TmY3,,,acetylcholine
41120,Mi1,,,acetylcholine
41536,Mi1,,,acetylcholine
98911,T4b,,,acetylcholine
51770,TmY3,,,acetylcholine
34356,Mi1,,,acetylcholine
96134,T4b,,,acetylcholine
61045,TmY3,,,acetylcholine
124357,T4d,,,acetylcholine
115582,T4c,,,acetylcholine
105849,T4d,,,acetylcholine
100856,T4a,,,acetylcholine
66345,T2a,,,acetylcholine
104418,T4d,,,acetylcholine
80582,T4a,,,acetylcholine
86724,Tm3,,,acetylcholine
51231,TmY3,,,acetylcholine
57816,Mi4,,,gaba
82391,T4a,,,acetylcholine
112315,T4d,,,acetylcholine
106530,T4d,,,acetylcholine
23606,Mi1,,,acetylcholine
110220,T4d,,,acetylcholine
10226,OA-AL2i3,,,octopamine
94081,T4c,,,acetylcholine
75660,T2a,,,acetylcholine
81287,Tm3,,,acetylcholine
77226,T2a,,,acetylcholine
80911,Tm3,,,acetylcholine
40400,Mi1,,,acetylcholine
35234,Mi1,,,acetylcholine
66980,T2a,,,acetylcholine
100785,T4b,,,acetylcholine
82130,T2a,,,acetylcholine
71230,Tm3,,,acetylcholine
143741,Tm3,,,acetylcholine
81387,T2a,,,acetylcholine
47360,TmY3,,,acetylcholine
134179,Tm3,,,acetylcholine
132989,T4d,,,acetylcholine
70859,T2a,,,acetylcholine
96774,T4c,,,acetylcholine
50345,TmY3,,,acetylcholine
35845,Mi1,,,acetylcholine
105892,T4a,,,acetylcholine
87045,T2a,,,acetylcholine
37019,Mi1,,,acetylcholine
50955,TmY3,,,acetylcholine
105862,T4d,,,acetylcholine
151648,Tm3,,,acetylcholine
58967,TmY3,,,acetylcholine
106587,T4d,,,acetylcholine
64256,T2a,,,acetylcholine
110025,T4d,,,acetylcholine
83507,Tm3,,,acetylcholine
114000,T4c,,,acetylcholine
49735,Mi4,,,gaba
104802,T4c,,,acetylcholine
71674,T2a,,,acetylcholine
47240,TmY3,,,acetylcholine
110938,T4d,,,acetylcholine
68974,T2,,,acetylcholine
89110,Tm3,,,acetylcholine
52151,TmY3,,,acetylcholine
65550,Tm3,,,acetylcholine
67464,Mi1,,,acetylcholine
79683,Tm3,,,acetylcholine
93559,T4d,,,acetylcholine
43689,Mi1,,,acetylcholine
68831,TmY3,,,acetylcholine
29469,LC4,,,acetylcholine
109285,T4c,,,acetylcholine
71929,T2,,,acetylcholine
69063,Mi1,,,acetylcholine
78940,T4a,,,acetylcholine
101865,T4a,,,acetylcholine
50871,TmY3,,,acetylcholine
99537,T4d,,,acetylcholine
38461,Mi1,,,acetylcholine
101424,T4a,,,acetylcholine
88922,T4c,,,acetylcholine
19794,LC4,,,acetylcholine
105300,T4a,,,acetylcholine
38241,Mi1,,,acetylcholine
107628,T4d,,,acetylcholine
62757,T2a,,,acetylcholine
58378,Mi4,,,gaba
39743,Mi1,,,acetylcholine
102002,Tm3,,,acetylcholine
93940,Mi4,,,gaba
92668,T2a,,,acetylcholine
42872,Mi1,,,acetylcholine
10110,OA-VUMa1,,,octopamine
91741,T4d,,,acetylcholine
532850,Tm3,,,acetylcholine
116716,T4b,,,acetylcholine
62562,T2,,,acetylcholine
113599,T4b,,,acetylcholine
60856,T2a,,,acetylcholine
80307,T4b,,,acetylcholine
33326,Mi1,,,acetylcholine
77174,T2a,,,acetylcholine
86972,Tm3,,,acetylcholine
35100,Mi1,,,acetylcholine
77991,Tm3,,,acetylcholine
71036,T2a,,,acetylcholine
17364,LC4,,,acetylcholine
68222,Mi9,,,glutamate
60979,TmY3,,,acetylcholine
127090,T4c,,,acetylcholine
100897,T4c,,,acetylcholine
105387,T4b,,,acetylcholine
21165,LC4,,,acetylcholine
58515,Mi4,,,gaba
71853,T2a,,,acetylcholine
120082,T4d,,,acetylcholine
83204,T4d,,,acetylcholine
527408,LC4,,,acetylcholine
71089,Mi1,,,acetylcholine
72246,T2,,,acetylcholine
68485,T2a,,,acetylcholine
71437,T2a,,,acetylcholine
79483,Tm3,,,acetylcholine
80470,T2a,,,acetylcholine
73301,Tm3,,,acetylcholine
102112,T4c,,,acetylcholine
96830,T4b,,,acetylcholine
103497,Tm3,,,acetylcholine
37044,Mi1,,,acetylcholine
93985,T4c,,,acetylcholine
84123,T2a,,,acetylcholine
65542,T2,,,acetylcholine
104200,T4c,,,acetylcholine
39791,Mi1,,,acetylcholine
93947,T4a,,,acetylcholine
87109,T2a,,,acetylcholine
112613,T4d,,,acetylcholine
103867,T4a,,,acetylcholine
70289,Mi1,,,acetylcholine
106401,T4d,,,acetylcholine
22034,LC4,,,acetylcholine
99975,T4c,,,acetylcholine
87090,T2a,,,acetylcholine
95210,T4d,,,acetylcholine
101994,T4a,,,acetylcholine
61659,Tm3,,,acetylcholine
72426,Tm3,,,acetylcholine
55220,Mi4,,,gaba
62078,Mi1,,,acetylcholine
111852,T4a,,,acetylcholine
98549,T4a,,,acetylcholine
105706,T4a,,,acetylcholine
80826,T2a,,,acetylcholine
38514,Mi1,,,acetylcholine
104621,T4c,,,acetylcholine
83103,T2a,,,acetylcholine
72066,Tm3,,,acetylcholine
76751,TmY3,,,acetylcholine
41296,Mi1,,,acetylcholine
106026,T4b,,,acetylcholine
118029,T4b,,,acetylcholine
10175,OA-VUMa6,,,octopamine
95074,T4a,,,acetylcholine
97031,T4c,,,acetylcholine
69889,T2a,,,acetylcholine
105430,T4b,,,acetylcholine
104018,T4c,,,acetylcholine
102448,T4d,,,acetylcholine
38987,Mi1,,,acetylcholine
137357,Tm3,,,acetylcholine
49441,TmY3,,,acetylcholine
59310,Mi4,,,gaba
39858,Mi1,,,acetylcholine
97326,T4c,,,acetylcholine
88381,Tm3,,,acetylcholine
108455,T4c,,,acetylcholine
81626,T2a,,,acetylcholine
113926,T4c,,,acetylcholine
69543,T2a,,,acetylcholine
108475,T4b,,,acetylcholine
100681,T2a,,,acetylcholine
63332,T2,,,acetylcholine
34142,Mi1,,,acetylcholine
48966,Mi4,,,gaba
103765,T4d,,,acetylcholine
102409,T4c,,,acetylcholine
77153,T2,,,acetylcholine
63000,Mi4,,,gaba
80080,T2a,,,acetylcholine
111787,LC4,,,acetylcholine
80913,T4a,,,acetylcholine
85269,T2a,,,acetylcholine
55706,TmY3,,,acetylcholine
61946,Tm3,,,acetylcholine
35806,Mi1,,,acetylcholine
103639,T4d,,,acetylcholine
101962,Tm3,,,acetylcholine
81313,Tm3,,,acetylcholine
84063,T4b,,,acetylcholine
130730,Tm3,,,acetylcholine
37631,Mi1,,,acetylcholine
86907,T4a,,,acetylcholine
97704,T2a,,,acetylcholine
83529,T2,,,acetylcholine
89605,T2a,,,acetylcholine
120289,T4c,,,acetylcholine
75361,T2a,,,acetylcholine
76042,TmY3,,,acetylcholine
94893,T4c,,,acetylcholine
286259,OA-ASM1,,,octopamine
107184,Tm3,,,acetylcholine
96434,T4d,,,acetylcholine
97872,T4d,,,acetylcholine
107159,T4b,,,acetylcholine
57486,TmY3,,,acetylcholine
85924,T4a,,,acetylcholine
78151,Tm3,,,acetylcholine
87495,T2,,,acetylcholine
108325,T4c,,,acetylcholine
59145,T2,,,acetylcholine
83191,T4a,,,acetylcholine
42691,Mi1,,,acetylcholine
46586,TmY3,,,acetylcholine
89092,T4c,,,acetylcholine
76733,Tm3,,,acetylcholine
92132,Tm3,,,acetylcholine
126132,T4c,,,acetylcholine
84722,T2a,,,acetylcholine
99614,T4c,,,acetylcholine
96534,T4c,,,acetylcholine
37948,Mi1,,,acetylcholine
74159,Tm3,,,acetylcholine
37294,Mi1,,,acetylcholine
126141,T4d,,,acetylcholine
72835,Mi4,,,gaba
84038,Tm3,,,acetylcholine
47696,TmY3,,,acetylcholine
81378,T4b,,,acetylcholine
102425,T4b,,,acetylcholine
87756,Tm3,,,acetylcholine
69380,Tm3,,,acetylcholine
65833,Mi1,,,acetylcholine
95182,T4d,,,acetylcholine
105828,T4a,,,acetylcholine
525839,Mi1,,,acetylcholine
45971,Mi4,,,gaba
92682,T4a,,,acetylcholine
10652,OA-AL2i4,,,octopamine
109662,T4c,,,acetylcholine
98937,T4a,,,acetylcholine
77614,LC4,,,acetylcholine
16809,LC4,,,acetylcholine
78905,T2,,,acetylcholine
96189,Tm3,,,acetylcholine
114196,T4d,,,acetylcholine
90423,T4b,,,acetylcholine
95232,Tm3,,,acetylcholine
90731,T4b,,,acetylcholine
79646,Tm3,,,acetylcholine
43538,Mi4,,,gaba
90558,T4d,,,acetylcholine
103025,T4a,,,acetylcholine
98504,T4c,,,acetylcholine
94368,T4a,,,acetylcholine
83639,T2a,,,acetylcholine
107442,T4d,,,acetylcholine
100345,T4c,,,acetylcholine
37270,Mi1,,,acetylcholine
99348,T4c,,,acetylcholine
91725,T4b,,,acetylcholine
34933,Mi1,,,acetylcholine
94668,T4d,,,acetylcholine
55465,Mi4,,,gaba
36410,Mi1,,,acetylcholine
134925,T4d,,,acetylcholine
74231,Tm3,,,acetylcholine
111326,T4b,,,acetylcholine
93142,T4a,,,acetylcholine
92839,T4b,,,acetylcholine
82513,Tm3,,,acetylcholine
119556,T4b,,,acetylcholine
107698,T4a,,,acetylcholine
99850,T4a,,,acetylcholine
532805,Tm3,,,acetylcholine
60863,T2,,,acetylcholine
40106,Mi1,,,acetylcholine
92150,Mi9,,,glutamate
97001,T2a,,,acetylcholine
99157,T4a,,,acetylcholine
100261,T4c,,,acetylcholine
73139,Tm3,,,acetylcholine
93750,T4c,,,acetylcholine
98417,T4d,,,acetylcholine
133040,Tm3,,,acetylcholine
17668,LC4,,,acetylcholine
91790,T4c,,,acetylcholine
78854,T2a,,,acetylcholine
83156,T2a,,,acetylcholine
117627,Tm3,,,acetylcholine
114391,T4d,,,acetylcholine
107420,T4b,,,acetylcholine
122290,Tm3,,,acetylcholine
121420,T4d,,,acetylcholine
10799,OA-VUMa4,,,octopamine
67002,T2,,,acetylcholine
120231,Tm3,,,acetylcholine
109868,Tm3,,,acetylcholine
119501,T4d,,,acetylcholine
34189,Mi1,,,acetylcholine
71394,T2a,,,acetylcholine
112594,T4b,,,acetylcholine
96671,T4c,,,acetylcholine
111623,T4a,,,acetylcholine
94766,T2a,,,acetylcholine
99251,T4a,,,acetylcholine
84264,T4a,,,acetylcholine
106950,T4c,,,acetylcholine
80487,Tm3,,,acetylcholine
72194,Tm3,,,acetylcholine
60886,T2a,,,acetylcholine
120694,T4d,,,acetylcholine
80483,T4c,,,acetylcholine
532254,LC4,,,acetylcholine
74706,T2,,,acetylcholine
78805,T2a,,,acetylcholine
114817,T4d,,,acetylcholine
110604,T4a,,,acetylcholine
66357,T2a,,,acetylcholine
63190,T2,,,acetylcholine
106894,T4b,,,acetylcholine
98692,T4a,,,acetylcholine
72945,T2a,,,acetylcholine
96353,Tm3,,,acetylcholine
104368,T4c,,,acetylcholine
89367,Tm3,,,acetylcholine
117962,T4c,,,acetylcholine
66167,T2,,,acetylcholine
106912,Tm3,,,acetylcholine
83556,Tm3,,,acetylcholine
126702,Tm3,,,acetylcholine
37585,Mi1,,,acetylcholine
103725,T4a,,,acetylcholine
89409,T4a,,,acetylcholine
110040,T4c,,,acetylcholine
86686,T4c,,,acetylcholine
90145,T4a,,,acetylcholine
83979,T4a,,,acetylcholine
51870,TmY3,,,acetylcholine
105565,Tm3,,,acetylcholine
109996,T4c,,,acetylcholine
107991,T4b,,,acetylcholine
74112,T2a,,,acetylcholine
70723,Tm3,,,acetylcholine
77395,T4b,,,acetylcholine
69633,T2,,,acetylcholine
129235,Tm3,,,acetylcholine
111065,T4c,,,acetylcholine
105541,T4a,,,acetylcholine
98325,T4d,,,acetylcholine
110468,T4d,,,acetylcholine
78863,T2a,,,acetylcholine
139055,Tm3,,,acetylcholine
65742,Tm3,,,acetylcholine
95239,T4a,,,acetylcholine
93166,T4c,,,acetylcholine
82529,T2a,,,acetylcholine
99074,T4b,,,acetylcholine
111304,T4b,,,acetylcholine
99387,T4a,,,acetylcholine
84428,T2a,,,acetylcholine
35888,Mi1,,,acetylcholine
67784,Tm3,,,acetylcholine
98817,T4a,,,acetylcholine
52675,Mi4,,,gaba
100774,T4a,,,acetylcholine
94755,T4a,,,acetylcholine
20588,LC4,,,acetylcholine
60885,Mi4,,,gaba
37113,Mi1,,,acetylcholine
120540,T4c,,,acetylcholine
94596,T4b,,,acetylcholine
70527,T2a,,,acetylcholine
547091,T2,,,acetylcholine
108043,T4a,,,acetylcholine
77982,T2a,,,acetylcholine
19420,LC4,,,acetylcholine
109031,Tm3,,,acetylcholine
78561,Tm3,,,acetylcholine
52534,Mi4,,,gaba
112732,T4a,,,acetylcholine
119079,T4a,,,acetylcholine
82229,T2a,,,acetylcholine
105718,T4b,,,acetylcholine
81494,T2,,,acetylcholine
105627,T4b,,,acetylcholine
89273,Tm3,,,acetylcholine
120312,Tm3,,,acetylcholine
115410,T4a,,,acetylcholine
117586,T4c,,,acetylcholine
10311,VS,,,acetylcholine
100787,T4b,,,acetylcholine
63021,Tm3,,,acetylcholine
98393,T4a,,,acetylcholine
110403,T4b,,,acetylcholine
77569,T2,,,acetylcholine
101302,T4d,,,acetylcholine
93957,T4b,,,acetylcholine
53660,Mi4,,,gaba
113686,T4d,,,acetylcholine
78710,T2a,,,acetylcholine
22108,TmY3,,,acetylcholine
110968,T4b,,,acetylcholine
75343,Tm3,,,acetylcholine
98245,T4c,,,acetylcholine
78086,T4c,,,acetylcholine
95926,T4a,,,acetylcholine
75966,T2a,,,acetylcholine
103265,T4d,,,acetylcholine
103152,T4a,,,acetylcholine
11602,OA-ASM1,,,octopamine
72452,T2,,,acetylcholine
28980,LC4,,,acetylcholine
108349,T4d,,,acetylcholine
101033,T4d,,,acetylcholine
90432,Tm3,,,acetylcholine
101383,T4b,,,acetylcholine
35602,Mi1,,,acetylcholine
90657,T4a,,,acetylcholine
97018,T2a,,,acetylcholine
104301,T4b,,,acetylcholine
108461,T4b,,,acetylcholine
106844,T4d,,,acetylcholine
102741,T4c,,,acetylcholine
34079,Mi1,,,acetylcholine
104847,T4b,,,acetylcholine
107799,T4b,,,acetylcholine
88815,T4d,,,acetylcholine
127686,Tm3,,,acetylcholine
91682,T4b,,,acetylcholine
80284,Tm3,,,acetylcholine
97256,T4c,,,acetylcholine
34300,Mi1,,,acetylcholine
63673,Tm3,,,acetylcholine
64149,Mi1,,,acetylcholine
96370,T2a,,,acetylcholine
10011,OA-AL2i1,,,octopamine
104130,T4a,,,acetylcholine
81981,T2a,,,acetylcholine
99636,T4d,,,acetylcholine
125171,Tm3,,,acetylcholine
62569,T2,,,acetylcholine
88281,T4b,,,acetylcholine
99163,T4a,,,acetylcholine
105122,T4b,,,acetylcholine
34045,Mi1,,,acetylcholine
89165,Tm3,,,acetylcholine
109225,T4a,,,acetylcholine
100729,T4b,,,acetylcholine
88499,T2a,,,acetylcholine
98668,T4a,,,acetylcholine
115902,T4d,,,acetylcholine
83225,Tm3,,,acetylcholine
101228,T4a,,,acetylcholine
64712,T2a,,,acetylcholine
115422,T4c,,,acetylcholine
65009,T2,,,acetylcholine
89622,T2a,,,acetylcholine
14416,VST2,,,acetylcholine
70812,TmY3,,,acetylcholine
76524,Tm3,,,acetylcholine
97877,T4d,,,acetylcholine
75797,T2,,,acetylcholine
122273,Tm3,,,acetylcholine
103314,T4b,,,acetylcholine
33918,Mi1,,,acetylcholine
132834,Tm3,,,acetylcholine
106121,T4a,,,acetylcholine
535341,LC4,,,acetylcholine
112179,T4b,,,acetylcholine
22975,LC4,,,acetylcholine
37371,Mi1,,,acetylcholine
98222,T4d,,,acetylcholine
63645,TmY3,,,acetylcholine
58894,Mi4,,,gaba
82507,T2a,,,acetylcholine
82413,T2a,,,acetylcholine
81836,T2a,,,acetylcholine
104911,T4c,,,acetylcholine
530029,LC4,,,acetylcholine
76598,T2a,,,acetylcholine
97853,T4c,,,acetylcholine
94886,T4d,,,acetylcholine
62947,T2a,,,acetylcholine
47371,Mi4,,,gaba
75557,Tm3,,,acetylcholine
117039,T4c,,,acetylcholine
70153,Tm3,,,acetylcholine
78025,T2a,,,acetylcholine
86284,T4a,,,acetylcholine
38632,Mi1,,,acetylcholine
61353,T2,,,acetylcholine
115424,T4b,,,acetylcholine
42048,Mi1,,,acetylcholine
515476,LC4,,,acetylcholine
92346,T4a,,,acetylcholine
104905,T4c,,,acetylcholine
88246,Tm3,,,acetylcholine
10269,OA-AL2i2,,,octopamine
110987,Tm3,,,acetylcholine
83869,T2a,,,acetylcholine
63058,T2,,,acetylcholine
58527,TmY3,,,acetylcholine
98756,T4b,,,acetylcholine
68982,Tm3,,,acetylcholine
36139,Mi1,,,acetylcholine
107906,T4b,,,acetylcholine
103425,T4a,,,acetylcholine
107513,LC4,,,acetylcholine
108207,T4a,,,acetylcholine
113648,T4c,,,acetylcholine
102479,T4c,,,acetylcholine
98183,T4b,,,acetylcholine
42856,Mi1,,,acetylcholine
23202,LC4,,,acetylcholine
102991,T4c,,,acetylcholine
59074,Mi4,,,gaba
101730,Tm3,,,acetylcholine
81561,T2a,,,acetylcholine
97792,T4b,,,acetylcholine
71228,T2a,,,acetylcholine
65468,T2,,,acetylcholine
101605,T4a,,,acetylcholine
111625,T4b,,,acetylcholine
104674,T4a,,,acetylcholine
71933,T2,,,acetylcholine
80884,T2a,,,acetylcholine
107445,T4a,,,acetylcholine
20572,LC4,,,acetylcholine
20440,LC4,,,acetylcholine
104256,T4a,,,acetylcholine
90955,T2a,,,acetylcholine
104412,T4a,,,acetylcholine
103343,T4b,,,acetylcholine
69680,Tm3,,,acetylcholine
118097,T4b,,,acetylcholine
93736,Tm3,,,acetylcholine
90206,T4b,,,acetylcholine
78927,T2a,,,acetylcholine
44677,TmY3,,,acetylcholine
48073,TmY3,,,acetylcholine
75088,T2a,,,acetylcholine
114793,T4b,,,acetylcholine
104875,T4b,,,acetylcholine
86416,T4a,,,acetylcholine
117130,T4b,,,acetylcholine
99310,T4a,,,acetylcholine
55515,Mi4,,,gaba
77257,T2a,,,acetylcholine
75510,T4a,,,acetylcholine
93302,T4b,,,acetylcholine
87289,T4a,,,acetylcholine
73910,TmY3,,,acetylcholine
115452,T4c,,,acetylcholine
20917,LC4,,,acetylcholine
36684,Mi1,,,acetylcholine
93566,T4a,,,acetylcholine
120594,T4c,,,acetylcholine
81950,Tm3,,,acetylcholine
80197,T4a,,,acetylcholine
53280,TmY3,,,acetylcholine
98238,T4b,,,acetylcholine
113414,T4d,,,acetylcholine
27788,Mi1,,,acetylcholine
93313,T4a,,,acetylcholine
60337,TmY3,,,acetylcholine
91288,T4c,,,acetylcholine
92933,T2a,,,acetylcholine
67796,TmY3,,,acetylcholine
127476,T4d,,,acetylcholine
88334,T2a,,,acetylcholine
131823,Tm3,,,acetylcholine
31262,LC4,,,acetylcholine
71702,T2a,,,acetylcholine
52256,TmY3,,,acetylcholine
69558,T2,,,acetylcholine
90027,T4c,,,acetylcholine
76343,Tm3,,,acetylcholine
105115,T4d,,,acetylcholine
78477,T4a,,,acetylcholine
81112,LC4,,,acetylcholine
102045,T4a,,,acetylcholine
64258,T2a,,,acetylcholine
82001,T2a,,,acetylcholine
98983,T4b,,,acetylcholine
87896,T4a,,,acetylcholine
116311,T4d,,,acetylcholine
55966,Mi9,,,glutamate
99773,Tm3,,,acetylcholine
69540,TmY3,,,acetylcholine
74773,T2a,,,acetylcholine
36346,Mi1,,,acetylcholine
10016,HSE,,,acetylcholine
72005,Tm3,,,acetylcholine
87358,T4a,,,acetylcholine
95545,T2a,,,acetylcholine
88039,T4c,,,acetylcholine
98007,T4b,,,acetylcholine
76391,T2,,,acetylcholine
42675,Mi1,,,acetylcholine
81189,T2a,,,acetylcholine
65508,Tm3,,,acetylcholine
45948,TmY3,,,acetylcholine
95335,T4a,,,acetylcholine
512366,LC4,,,acetylcholine
121181,Tm3,,,acetylcholine
75852,Tm3,,,acetylcholine
105242,T4c,,,acetylcholine
63912,T2,,,acetylcholine
103148,T4a,,,acetylcholine
99628,T4b,,,acetylcholine
73342,T2a,,,acetylcholine
75377,T2a,,,acetylcholine
104853,T4c,,,acetylcholine
121053,T4d,,,acetylcholine
62522,T2,,,acetylcholine
96676,T4b,,,acetylcholine
45349,Mi1,,,acetylcholine
20673,LC4,,,acetylcholine
530434,Tm3,,,acetylcholine
46510,Mi4,,,gaba
46248,Mi1,,,acetylcholine
514956,LC4,,,acetylcholine
51149,Mi4,,,gaba
92281,T4c,,,acetylcholine
91303,T4b,,,acetylcholine
97609,Tm3,,,acetylcholine
69993,T2a,,,acetylcholine
99672,T4a,,,acetylcholine
75665,T2,,,acetylcholine
63868,T2a,,,acetylcholine
76103,T2a,,,acetylcholine
113291,T4c,,,acetylcholine
87059,T2a,,,acetylcholine
102740,T4d,,,acetylcholine
65850,T2a,,,acetylcholine
91629,T4a,,,acetylcholine
48531,Mi1,,,acetylcholine
53080,TmY3,,,acetylcholine
55836,TmY3,,,acetylcholine
88005,T4d,,,acetylcholine
81306,T2a,,,acetylcholine
110413,T4a,,,acetylcholine
106150,T4c,,,acetylcholine
100488,T4c,,,acetylcholine
83946,T4d,,,acetylcholine
84366,T4b,,,acetylcholine
50552,Mi1,,,acetylcholine
83875,Tm3,,,acetylcholine
86319,Tm3,,,acetylcholine
85767,T2a,,,acetylcholine
86141,T4b,,,acetylcholine
96219,T4b,,,acetylcholine
81924,T2a,,,acetylcholine
68475,T2a,,,acetylcholine
100621,T4c,,,acetylcholine
69978,T2,,,acetylcholine
85979,T4b,,,acetylcholine
77880,Tm3,,,acetylcholine
108344,T4d,,,acetylcholine
75550,Tm3,,,acetylcholine
114611,T4d,,,acetylcholine
69164,Mi1,,,acetylcholine
40832,Mi1,,,acetylcholine
104119,T4a,,,acetylcholine
86635,T4c,,,acetylcholine
82331,T2a,,,acetylcholine
65531,T2a,,,acetylcholine
44119,Mi1,,,acetylcholine
10080,OA-VUMa3,,,octopamine
98300,T4a,,,acetylcholine
70830,T2a,,,acetylcholine
70141,T2a,,,acetylcholine
20399,LC4,,,acetylcholine
89099,T4a,,,acetylcholine
90510,T4c,,,acetylcholine
107567,T4c,,,acetylcholine
70980,T2a,,,acetylcholine
74023,T2a,,,acetylcholine
10265,OA-AL2i2,,,octopamine
90533,T4c,,,acetylcholine
91505,T4c,,,acetylcholine
103226,T4d,,,acetylcholine
105474,T4b,,,acetylcholine
81883,T2a,,,acetylcholine
76061,T2a,,,acetylcholine
88398,T4a,,,acetylcholine
107340,T4b,,,acetylcholine
93865,T4c,,,acetylcholine
90995,Tm3,,,acetylcholine
61380,TmY3,,,acetylcholine
91806,T4a,,,acetylcholine
69736,Tm3,,,acetylcholine
109172,T4b,,,acetylcholine
88951,Tm3,,,acetylcholine
78597,T2a,,,acetylcholine
85536,T4a,,,acetylcholine
62154,T2,,,acetylcholine
98575,T4a,,,acetylcholine
88165,T4a,,,acetylcholine
35897,Mi1,,,acetylcholine
12109,OA-VUMa2,,,octopamine
88064,T4a,,,acetylcholine
35262,LC4,,,acetylcholine
81706,T2a,,,acetylcholine
93527,T4a,,,acetylcholine
92080,T2a,,,acetylcholine
112362,T4c,,,acetylcholine
109276,T4d,,,acetylcholine
70642,T2a,,,acetylcholine
67150,T2a,,,acetylcholine
62749,TmY3,,,acetylcholine
88250,T2a,,,acetylcholine
35447,Mi1,,,acetylcholine
102113,T4b,,,acetylcholine
96576,T4c,,,acetylcholine
98887,T4b,,,acetylcholine
72282,T2a,,,acetylcholine
71943,Mi4,,,gaba
49322,TmY3,,,acetylcholine
90394,T4a,,,acetylcholine
108948,T4b,,,acetylcholine
18432,LC4,,,acetylcholine
106295,T4b,,,acetylcholine
81064,Tm3,,,acetylcholine
81305,Tm3,,,acetylcholine
106093,T4a,,,acetylcholine
101589,T4a,,,acetylcholine
87808,T4a,,,acetylcholine
77972,Tm3,,,acetylcholine
72244,T2,,,acetylcholine
511914,LC4,,,acetylcholine
86578,T4c,,,acetylcholine
53156,TmY3,,,acetylcholine
121762,T4b,,,acetylcholine
38791,Mi1,,,acetylcholine
48721,TmY3,,,acetylcholine
110693,Tm3,,,acetylcholine
75712,Tm3,,,acetylcholine
81733,Tm3,,,acetylcholine
10001,DNp01,,,acetylcholine
94703,T4c,,,acetylcholine
125477,T4d,,,acetylcholine
64778,TmY3,,,acetylcholine
94289,T4d,,,acetylcholine
60643,Tm3,,,acetylcholine
97563,Mi4,,,gaba
88701,T2a,,,acetylcholine
124867,T4d,,,acetylcholine
73567,T2a,,,acetylcholine
73116,T2,,,acetylcholine
92593,T4d,,,acetylcholine
73795,TmY3,,,acetylcholine
79253,T4a,,,acetylcholine
59179,Mi4,,,gaba
80650,T2a,,,acetylcholine
73385,T2a,,,acetylcholine
48607,TmY3,,,acetylcholine
74088,T2a,,,acetylcholine
73828,Tm3,,,acetylcholine
137130,Tm3,,,acetylcholine
95498,T4b,,,acetylcholine
519931,LC4,,,acetylcholine
96784,T4b,,,acetylcholine
143802,Tm3,,,acetylcholine
33216,Mi1,,,acetylcholine
72955,T2a,,,acetylcholine
20542,LC4,,,acetylcholine
104972,T4a,,,acetylcholine
74228,Tm3,,,acetylcholine
72896,Tm3,,,acetylcholine
96015,T4c,,,acetylcholine
67719,T2a,,,acetylcholine
24867,VST1,,,acetylcholine
69425,T2a,,,acetylcholine
87234,Tm3,,,acetylcholine
50547,TmY3,,,acetylcholine
85737,T2a,,,acetylcholine
110312,T4d,,,acetylcholine
86919,Mi4,,,gaba
37529,Mi1,,,acetylcholine
22847,LC4,,,acetylcholine
120546,T4d,,,acetylcholine
86545,T2a,,,acetylcholine
103073,T4a,,,acetylcholine
101721,T4d,,,acetylcholine
96960,Tm3,,,acetylcholine
106821,T4b,,,acetylcholine
69979,Tm3,,,acetylcholine
112073,T4b,,,acetylcholine
83307,Tm3,,,acetylcholine
109336,T4b,,,acetylcholine
92706,T4a,,,acetylcholine
10072,OA-AL2i1,,,octopamine
90842,T4c,,,acetylcholine
100924,T4b,,,acetylcholine
107609,T4d,,,acetylcholine
68535,T2a,,,acetylcholine
75723,Tm3,,,acetylcholine
80408,T2a,,,acetylcholine
66267,Tm3,,,acetylcholine
97528,T4a,,,acetylcholine
127970,Tm3,,,acetylcholine
68983,Tm3,,,acetylcholine
110742,T4c,,,acetylcholine
125024,T4d,,,acetylcholine
36217,Mi1,,,acetylcholine
71765,T2a,,,acetylcholine
95985,T4c,,,acetylcholine
98194,T4d,,,acetylcholine
114389,T4a,,,acetylcholine
89368,T4c,,,acetylcholine
29514,LC4,,,acetylcholine
104414,T4d,,,acetylcholine
70239,T2,,,acetylcholine
110183,T4d,,,acetylcholine
95458,T4d,,,acetylcholine
76260,T2a,,,acetylcholine
93407,T4d,,,acetylcholine
155816,T4c,,,acetylcholine
17340,LC4,,,acetylcholine
104370,T4d,,,acetylcholine
106952,T4b,,,acetylcholine
120201,T4b,,,acetylcholine
108847,T4d,,,acetylcholine
80358,Tm3,,,acetylcholine
66737,T2,,,acetylcholine
47823,TmY3,,,acetylcholine
86793,Tm3,,,acetylcholine
123514,Tm3,,,acetylcholine
71029,T2,,,acetylcholine
62856,T2,,,acetylcholine
34845,LC4,,,acetylcholine
61737,TmY3,,,acetylcholine
35290,Mi1,,,acetylcholine
68637,T2,,,acetylcholine
84434,Tm3,,,acetylcholine
92251,T4b,,,acetylcholine
94983,T4c,,,acetylcholine
108010,T4c,,,acetylcholine
103944,T4d,,,acetylcholine
38133,Mi1,,,acetylcholine
47842,TmY3,,,acetylcholine
62089,Tm3,,,acetylcholine
133131,Tm3,,,acetylcholine
104191,T4a,,,acetylcholine
83009,T4b,,,acetylcholine
56007,TmY3,,,acetylcholine
80302,T2a,,,acetylcholine
99137,T4c,,,acetylcholine
112194,Tm3,,,acetylcholine
89784,T4b,,,acetylcholine
94071,T4a,,,acetylcholine
35836,Mi1,,,acetylcholine
88870,Tm3,,,acetylcholine
117098,T4b,,,acetylcholine
91283,T4c,,,acetylcholine
111236,T4d,,,acetylcholine
69778,T2,,,acetylcholine
77480,Tm3,,,acetylcholine
109153,T4a,,,acetylcholine
74860,Tm3,,,acetylcholine
114669,T4b,,,acetylcholine
82098,T2a,,,acetylcholine
29563,LC4,,,acetylcholine
104008,T4b,,,acetylcholine
46784,Mi1,,,acetylcholine
76074,Tm3,,,acetylcholine
45666,Mi4,,,gaba
73029,T2,,,acetylcholine
92552,T4a,,,acetylcholine
53945,Mi4,,,gaba
92114,T4c,,,acetylcholine
96959,T4a,,,acetylcholine
98010,T4a,,,acetylcholine
71773,T2a,,,acetylcholine
108625,T4b,,,acetylcholine
91100,T2a,,,acetylcholine
127058,T4a,,,acetylcholine
74259,T2a,,,acetylcholine
104017,T4b,,,acetylcholine
41659,Mi1,,,acetylcholine
105895,T4a,,,acetylcholine
37390,Mi1,,,acetylcholine
147837,Tm3,,,acetylcholine
105984,Tm3,,,acetylcholine
114201,T4c,,,acetylcholine
80840,T2a,,,acetylcholine
73021,T2a,,,acetylcholine
117151,T4d,,,acetylcholine
105276,T4d,,,acetylcholine
103271,T4c,,,acetylcholine
54032,TmY3,,,acetylcholine
110988,T4a,,,acetylcholine
88726,T4b,,,acetylcholine
96365,T4a,,,acetylcholine
19954,LC4,,,acetylcholine
80282,T4d,,,acetylcholine
68167,Tm3,,,acetylcholine
123087,T4c,,,acetylcholine
53075,TmY3,,,acetylcholine
104703,T4d,,,acetylcholine
118835,T4a,,,acetylcholine
33394,Mi1,,,acetylcholine
91313,T4a,,,acetylcholine
43313,TmY3,,,acetylcholine
110002,T4b,,,acetylcholine
78987,T2a,,,acetylcholine
10403,VS,,,acetylcholine
84452,Tm3,,,acetylcholine
110386,T4d,,,acetylcholine
65307,T2,,,acetylcholine
61292,T2,,,acetylcholine
93025,T4b,,,acetylcholine
87763,T4a,,,acetylcholine
25893,VST1,,,acetylcholine
17608,LC4,,,acetylcholine
100247,T4c,,,acetylcholine
96931,T4b,,,acetylcholine
82536,T4d,,,acetylcholine
111921,T4d,,,acetylcholine
10187,OA-VPM3,,,octopamine
119601,T4d,,,acetylcholine
112633,T4b,,,acetylcholine
10677,OA-AL2i4,,,octopamine
64951,Tm3,,,acetylcholine
98788,T4d,,,acetylcholine
79297,T4a,,,acetylcholine
526286,LC4,,,acetylcholine
21804,LC4,,,acetylcholine
42119,Mi1,,,acetylcholine
82500,T2a,,,acetylcholine
111949,T4c,,,acetylcholine
35770,Mi1,,,acetylcholine
50633,TmY3,,,acetylcholine
91476,T4d,,,acetylcholine
82858,T2a,,,acetylcholine
90474,T4b,,,acetylcholine
74343,T2a,,,acetylcholine
38455,Mi1,,,acetylcholine
102765,T4d,,,acetylcholine
121847,T4c,,,acetylcholine
66852,Mi1,,,acetylcholine
100310,T4d,,,acetylcholine
78308,T2a,,,acetylcholine
41950,Mi1,,,acetylcholine
108876,T4c,,,acetylcholine
114995,T4b,,,acetylcholine
70281,T2a,,,acetylcholine
111184,T4a,,,acetylcholine
86455,T2a,,,acetylcholine
98410,Tm3,,,acetylcholine
97231,T4a,,,acetylcholine
76535,Mi4,,,gaba
69706,Tm3,,,acetylcholine
96199,T4a,,,acetylcholine
115369,T4c,,,acetylcholine
98439,T4a,,,acetylcholine
108596,T4c,,,acetylcholine
103440,T4d,,,acetylcholine
89728,Tm3,,,acetylcholine
109236,T4a,,,acetylcholine
99316,T4b,,,acetylcholine
111932,T4c,,,acetylcholine
38479,Mi1,,,acetylcholine
68730,T2,,,acetylcholine
71131,Tm3,,,acetylcholine
44747,TmY3,,,acetylcholine
107763,T4d,,,acetylcholine
116248,T4d,,,acetylcholine
76788,T4b,,,acetylcholine
116935,T4a,,,acetylcholine
117470,T4b,,,acetylcholine
68493,T2,,,acetylcholine
122339,T4c,,,acetylcholine
56280,T2a,,,acetylcholine
541462,Mi4,,,gaba
109966,T4b,,,acetylcholine
79449,T4b,,,acetylcholine
106203,T4d,,,acetylcholine
101787,Mi4,,,gaba
48186,TmY3,,,acetylcholine
79644,Tm3,,,acetylcholine
99606,Tm3,,,acetylcholine
91914,T4a,,,acetylcholine
112714,T4d,,,acetylcholine
80670,T4a,,,acetylcholine
66207,T2,,,acetylcholine
38178,Mi1,,,acetylcholine
35218,Mi1,,,acetylcholine
78317,T4a,,,acetylcholine
10766,VS,,,acetylcholine
85716,T4c,,,acetylcholine
94302,Tm3,,,acetylcholine
45319,Mi1,,,acetylcholine
75135,T2a,,,acetylcholine
24338,LC4,,,acetylcholine
51122,Mi1,,,acetylcholine
89972,Mi4,,,gaba
118163,T4b,,,acetylcholine
64442,Tm3,,,acetylcholine
91804,T4d,,,acetylcholine
82755,T2a,,,acetylcholine
104144,T2,,,acetylcholine
47967,Mi1,,,acetylcholine
90121,T4b,,,acetylcholine
100799,T4c,,,acetylcholine
87315,T4c,,,acetylcholine
136741,Tm3,,,acetylcholine
38596,Mi1,,,acetylcholine
83718,Tm3,,,acetylcholine
36994,Mi1,,,acetylcholine
35173,Mi1,,,acetylcholine
118610,T4b,,,acetylcholine
103557,T4a,,,acetylcholine
121887,T4b,,,acetylcholine
85731,T4d,,,acetylcholine
96126,T4b,,,acetylcholine
68342,Tm3,,,acetylcholine
34369,Mi1,,,acetylcholine
73723,T2a,,,acetylcholine
35235,Mi1,,,acetylcholine
130861,Tm3,,,acetylcholine
96107,T4d,,,acetylcholine
78968,Tm3,,,acetylcholine
32535,Mi1,,,acetylcholine
524899,LC4,,,acetylcholine
69546,Tm3,,,acetylcholine
104202,T4d,,,acetylcholine
22966,LC4,,,acetylcholine
48286,Mi1,,,acetylcholine
102519,T4a,,,acetylcholine
101005,T4d,,,acetylcholine
110910,Tm3,,,acetylcholine
36881,Mi1,,,acetylcholine
70800,Tm3,,,acetylcholine
41464,TmY3,,,acetylcholine
89825,T4a,,,acetylcholine
89434,T4c,,,acetylcholine
78731,Tm3,,,acetylcholine
35260,Mi1,,,acetylcholine
100319,T4b,,,acetylcholine
67113,Mi1,,,acetylcholine
40703,Mi1,,,acetylcholine
117020,T4b,,,acetylcholine
45719,Mi1,,,acetylcholine
107075,T4d,,,acetylcholine
94765,T2a,,,acetylcholine
109217,T4b,,,acetylcholine
67971,Tm3,,,acetylcholine
108065,T4c,,,acetylcholine
81094,T2,,,acetylcholine
82211,T2a,,,acetylcholine
97145,T4c,,,acetylcholine
87466,T2a,,,acetylcholine
53648,Mi4,,,gaba
110171,T4d,,,acetylcholine
76259,Tm3,,,acetylcholine
84800,Tm3,,,acetylcholine
76841,T2a,,,acetylcholine
76562,T2a,,,acetylcholine
54503,TmY3,,,acetylcholine
10037,VS,,,acetylcholine
106190,T4d,,,acetylcholine
106522,T4d,,,acetylcholine
89142,T4b,,,acetylcholine
38708,Mi1,,,acetylcholine
56762,TmY3,,,acetylcholine
22194,LC4,,,acetylcholine
105165,T4c,,,acetylcholine
100726,T4d,,,acetylcholine
102998,Tm3,,,acetylcholine
121821,T4c,,,acetylcholine
96281,TmY3,,,acetylcholine
59397,Mi1,,,acetylcholine
114791,T4d,,,acetylcholine
17478,LC4,,,acetylcholine
116609,T4b,,,acetylcholine
75381,Tm3,,,acetylcholine
20808,LC4,,,acetylcholine
92254,T4b,,,acetylcholine
79375,T2,,,acetylcholine
87429,T4b,,,acetylcholine
77223,Tm3,,,acetylcholine
118658,T4a,,,acetylcholine
106535,T4d,,,acetylcholine
11005,OA-VUMa4,,,octopamine
61401,T2a,,,acetylcholine
94866,T4d,,,acetylcholine
100215,T4c,,,acetylcholine
36252,Mi1,,,acetylcholine
68735,T2,,,acetylcholine
89223,T4d,,,acetylcholine
127615,Tm3,,,acetylcholine
16570,VST2,,,acetylcholine
64260,T2,,,acetylcholine
106069,T4c,,,acetylcholine
107640,T4c,,,acetylcholine
80137,T2a,,,acetylcholine
24523,LC4,,,acetylcholine
97193,T4a,,,acetylcholine
75298,T2a,,,acetylcholine
109291,T4d,,,acetylcholine
97899,T4a,,,acetylcholine
112321,T4d,,,acetylcholine
70490,Mi1,,,acetylcholine
81486,T4b,,,acetylcholine
134372,Tm3,,,acetylcholine
124362,T4c,,,acetylcholine
69687,T2,,,acetylcholine
48217,Mi4,,,gaba
101245,T4a,,,acetylcholine
108974,T4c,,,acetylcholine
37037,Mi1,,,acetylcholine
518544,LC4,,,acetylcholine
78422,Tm3,,,acetylcholine
38993,Mi1,,,acetylcholine
75422,T2a,,,acetylcholine
43323,Mi1,,,acetylcholine
33942,Mi1,,,acetylcholine
55084,TmY3,,,acetylcholine
148316,Tm3,,,acetylcholine
107621,T4d,,,acetylcholine
82425,T4b,,,acetylcholine
22264,TmY3,,,acetylcholine
37756,Mi1,,,acetylcholine
89133,T2a,,,acetylcholine
107117,T4d,,,acetylcholine
82313,T4a,,,acetylcholine
80437,Tm3,,,acetylcholine
72665,Mi1,,,acetylcholine
287884,OA-VPM3,,,octopamine
88127,T4b,,,acetylcholine
109022,T4a,,,acetylcholine
91020,T2a,,,acetylcholine
83125,T4b,,,acetylcholine
105199,T4d,,,acetylcholine
110454,T4d,,,acetylcholine
87909,T2a,,,acetylcholine
82299,T4c,,,acetylcholine
105292,T4b,,,acetylcholine
104753,T4a,,,acetylcholine
45162,TmY3,,,acetylcholine
97480,T4c,,,acetylcholine
74044,Tm3,,,acetylcholine
102977,T4d,,,acetylcholine
78876,T2a,,,acetylcholine
107095,T4c,,,acetylcholine
82208,T2a,,,acetylcholine
111857,T4d,,,acetylcholine
88920,T2a,,,acetylcholine
100430,T4c,,,acetylcholine
93564,T4d,,,acetylcholine
71944,T2a,,,acetylcholine
71161,T2a,,,acetylcholine
39438,Mi1,,,acetylcholine
39088,Tm3,,,acetylcholine
119357,T4d,,,acetylcholine
109134,T4d,,,acetylcholine
44646,Mi4,,,gaba
74501,Tm3,,,acetylcholine
38768,Mi1,,,acetylcholine
112027,T4d,,,acetylcholine
42942,Mi1,,,acetylcholine
64540,T2,,,acetylcholine
82497,T2a,,,acetylcholine
133828,Tm3,,,acetylcholine
97288,T4c,,,acetylcholine
46121,TmY3,,,acetylcholine
91388,T4c,,,acetylcholine
33614,Mi1,,,acetylcholine
88575,T4b,,,acetylcholine
66197,T2,,,acetylcholine
57247,TmY3,,,acetylcholine
78506,T2a,,,acetylcholine
101480,T4c,,,acetylcholine
98026,T4b,,,acetylcholine
73586,Tm3,,,acetylcholine
70188,T2,,,acetylcholine
100087,T4b,,,acetylcholine
45176,Mi1,,,acetylcholine
68933,Tm3,,,acetylcholine
19550,LC4,,,acetylcholine
110022,T4c,,,acetylcholine
148827,Tm3,,,acetylcholine
90860,Tm3,,,acetylcholine
41545,Mi1,,,acetylcholine
39590,TmY3,,,acetylcholine
103579,T4c,,,acetylcholine
111416,Tm3,,,acetylcholine
98360,T4c,,,acetylcholine
63489,T2,,,acetylcholine
39164,Mi1,,,acetylcholine
102814,T4b,,,acetylcholine
68293,T2,,,acetylcholine
104636,T4a,,,acetylcholine
106819,T4b,,,acetylcholine
28945,LC4,,,acetylcholine
102579,T4b,,,acetylcholine
84791,Mi4,,,gaba
35712,Mi1,,,acetylcholine
88337,Tm3,,,acetylcholine
104182,T4c,,,acetylcholine
518439,LC4,,,acetylcholine
70093,Tm3,,,acetylcholine
64849,Tm3,,,acetylcholine
73096,T2a,,,acetylcholine
89139,T4c,,,acetylcholine
98246,T4d,,,acetylcholine
69570,Tm3,,,acetylcholine
44071,Mi9,,,glutamate
97028,T4c,,,acetylcholine
93479,T4d,,,acetylcholine
96548,Tm3,,,acetylcholine
78848,Tm3,,,acetylcholine
61550,T2,,,acetylcholine
35416,Mi1,,,acetylcholine
32597,LC4,,,acetylcholine
132198,Tm3,,,acetylcholine
75473,Tm3,,,acetylcholine
97455,T4c,,,acetylcholine
80376,TmY3,,,acetylcholine
77987,T2,,,acetylcholine
68138,TmY3,,,acetylcholine
36305,Mi1,,,acetylcholine
88012,T2,,,acetylcholine
10865,H1,,,glutamate
72863,T2a,,,acetylcholine
116451,T4c,,,acetylcholine
112543,Tm3,,,acetylcholine
104539,T4b,,,acetylcholine
83729,T2a,,,acetylcholine
94356,T4c,,,acetylcholine
86630,Tm3,,,acetylcholine
95051,T4d,,,acetylcholine
59008,Mi1,,,acetylcholine
100618,T4b,,,acetylcholine
117662,T4d,,,acetylcholine
34899,Mi1,,,acetylcholine
79083,Tm3,,,acetylcholine
46745,Mi1,,,acetylcholine
104722,T4d,,,acetylcholine
85938,T4a,,,acetylcholine
100680,T4d,,,acetylcholine
98427,T4d,,,acetylcholine
95242,T4d,,,acetylcholine
70402,Tm3,,,acetylcholine
61734,T2,,,acetylcholine
108346,T4b,,,acetylcholine
515900,LC4,,,acetylcholine
70697,Tm3,,,acetylcholine
84571,T2a,,,acetylcholine
95348,Mi4,,,gaba
40256,Mi1,,,acetylcholine
57950,Tm3,,,acetylcholine
123799,T4d,,,acetylcholine
75848,T2a,,,acetylcholine
79210,Tm3,,,acetylcholine
38065,LC4,,,acetylcholine
95345,T4d,,,acetylcholine
71035,Tm3,,,acetylcholine
10284,VS,,,acetylcholine
97769,T4a,,,acetylcholine
122910,T4b,,,acetylcholine
86558,T4b,,,acetylcholine
101081,T4c,,,acetylcholine
96090,T4c,,,acetylcholine
80899,TmY3,,,acetylcholine
82558,T2,,,acetylcholine
17860,LC4,,,acetylcholine
65636,T2,,,acetylcholine
128726,Tm3,,,acetylcholine
71398,Tm3,,,acetylcholine
75832,T2,,,acetylcholine
38502,Tm3,,,acetylcholine
46881,TmY3,,,acetylcholine
78503,T2a,,,acetylcholine
116610,T4d,,,acetylcholine
113868,T4c,,,acetylcholine
76828,T2a,,,acetylcholine
37088,Mi1,,,acetylcholine
116439,T4c,,,acetylcholine
20967,LC4,,,acetylcholine
94058,T4b,,,acetylcholine
74374,T2a,,,acetylcholine
37084,Mi1,,,acetylcholine
58320,TmY3,,,acetylcholine
102016,T4a,,,acetylcholine
92431,T4a,,,acetylcholine
54423,TmY3,,,acetylcholine
74504,T2a,,,acetylcholine
106608,T4a,,,acetylcholine
104519,T4b,,,acetylcholine
110390,T4b,,,acetylcholine
98625,T4a,,,acetylcholine
104478,T4d,,,acetylcholine
112619,T4d,,,acetylcholine
90058,T4a,,,acetylcholine
35113,Mi1,,,acetylcholine
95532,T4a,,,acetylcholine
62730,Mi4,,,gaba
103022,T4a,,,acetylcholine
112344,T4c,,,acetylcholine
86504,T4b,,,acetylcholine
109598,T4b,,,acetylcholine
75766,T2a,,,acetylcholine
68815,Mi4,,,gaba
66214,T2a,,,acetylcholine
33091,Mi1,,,acetylcholine
74891,T2a,,,acetylcholine
98862,Tm3,,,acetylcholine
105640,T4d,,,acetylcholine
104123,T4b,,,acetylcholine
60857,Mi1,,,acetylcholine
96211,T4d,,,acetylcholine
69915,TmY3,,,acetylcholine
33137,LC4,,,acetylcholine
100996,T4b,,,acetylcholine
106510,T4b,,,acetylcholine
71485,T2,,,acetylcholine
123490,Tm3,,,acetylcholine
107858,T4b,,,acetylcholine
56136,Tm3,,,acetylcholine
105332,T4b,,,acetylcholine
52729,Mi4,,,gaba
50333,TmY3,,,acetylcholine
102540,T4b,,,acetylcholine
74287,Tm3,,,acetylcholine
104931,T4c,,,acetylcholine
90493,T4b,,,acetylcholine
123589,T4c,,,acetylcholine
86917,Tm3,,,acetylcholine
74031,T2,,,acetylcholine
68027,T2,,,acetylcholine
110479,T4a,,,acetylcholine
99748,T4b,,,acetylcholine
96852,T4a,,,acetylcholine
44527,Mi1,,,acetylcholine
48547,TmY3,,,acetylcholine
102153,T4c,,,acetylcholine
91644,Tm3,,,acetylcholine
78911,Tm3,,,acetylcholine
93935,T4a,,,acetylcholine
65052,T2,,,acetylcholine
89290,T4d,,,acetylcholine
38748,Mi1,,,acetylcholine
104714,T4b,,,acetylcholine
85152,T4c,,,acetylcholine
88781,T2a,,,acetylcholine
61960,T2,,,acetylcholine
47368,TmY3,,,acetylcholine
70524,T2a,,,acetylcholine
45005,TmY3,,,acetylcholine
112048,T4c,,,acetylcholine
115009,T4a,,,acetylcholine
97878,T4b,,,acetylcholine
69793,T2a,,,acetylcholine
54885,TmY3,,,acetylcholine
90419,T4b,,,acetylcholine
83366,T2a,,,acetylcholine
90567,T4b,,,acetylcholine
69597,Tm3,,,acetylcholine
90740,Tm3,,,acetylcholine
84328,T4a,,,acetylcholine
10185,OA-VUMa8,,,octopamine
94089,T4d,,,acetylcholine
62838,TmY3,,,acetylcholine
14888,LC4,,,acetylcholine
67408,Mi1,,,acetylcholine
82964,T2a,,,acetylcholine
115511,T4d,,,acetylcholine
37123,Mi1,,,acetylcholine
34606,Mi1,,,acetylcholine
87937,T4d,,,acetylcholine
71052,T2a,,,acetylcholine
91913,T4b,,,acetylcholine
66791,Tm3,,,acetylcholine
96424,T4b,,,acetylcholine
94953,T4d,,,acetylcholine
100075,T4c,,,acetylcholine
94282,T4c,,,acetylcholine
104670,T4d,,,acetylcholine
85064,T2a,,,acetylcholine
121816,T4a,,,acetylcholine
520449,LC4,,,acetylcholine
107812,T4a,,,acetylcholine
71361,Tm3,,,acetylcholine
69228,T2a,,,acetylcholine
99980,T4c,,,acetylcholine
17653,LC4,,,acetylcholine
72586,Tm3,,,acetylcholine
135467,Tm3,,,acetylcholine
80927,Tm3,,,acetylcholine
20976,LC4,,,acetylcholine
39716,Mi1,,,acetylcholine
134799,Tm3,,,acetylcholine
90219,T4a,,,acetylcholine
66227,Tm3,,,acetylcholine
40235,Mi1,,,acetylcholine
94179,T4a,,,acetylcholine
93419,T4b,,,acetylcholine
72009,T2,,,acetylcholine
90259,T4d,,,acetylcholine
77361,T4a,,,acetylcholine
94948,T4c,,,acetylcholine
78605,Tm3,,,acetylcholine
72938,T2a,,,acetylcholine
104683,T4b,,,acetylcholine
98751,T4a,,,acetylcholine
69561,T2a,,,acetylcholine
79798,T2a,,,acetylcholine
100867,T4b,,,acetylcholine
81215,Tm3,,,acetylcholine
97015,T4a,,,acetylcholine
105698,T4c,,,acetylcholine
43783,Mi1,,,acetylcholine
38227,Mi1,,,acetylcholine
128916,Tm3,,,acetylcholine
66199,T2a,,,acetylcholine
91368,Tm3,,,acetylcholine
110885,T4b,,,acetylcholine
104128,Tm3,,,acetylcholine
78735,T2a,,,acetylcholine
121313,T4d,,,acetylcholine
88491,T4a,,,acetylcholine
97888,Tm3,,,acetylcholine
92744,Tm3,,,acetylcholine
94661,T4d,,,acetylcholine
95454,T4a,,,acetylcholine
103286,T4d,,,acetylcholine
92047,T4c,,,acetylcholine
99609,T4a,,,acetylcholine
56240,T2,,,acetylcholine
87903,T4b,,,acetylcholine
65034,T2,,,acetylcholine
86175,T4a,,,acetylcholine
84355,Tm3,,,acetylcholine
101885,T4a,,,acetylcholine
41435,Mi1,,,acetylcholine
75521,T2a,,,acetylcholine
100122,T4d,,,acetylcholine
39692,TmY3,,,acetylcholine
82699,Tm3,,,acetylcholine
51199,T2,,,acetylcholine
83994,T2a,,,acetylcholine
109831,T4d,,,acetylcholine
63175,Mi1,,,acetylcholine
78484,T2a,,,acetylcholine
10015,HSN,,,acetylcholine
106793,T4d,,,acetylcholine
35498,Mi1,,,acetylcholine
107529,T4d,,,acetylcholine
114295,T4c,,,acetylcholine
75771,Tm3,,,acetylcholine
51945,Mi4,,,gaba
112744,T4d,,,acetylcholine
113346,T4b,,,acetylcholine
62340,T2,,,acetylcholine
48060,Mi1,,,acetylcholine
37438,Mi1,,,acetylcholine
116114,T4d,,,acetylcholine
120992,Tm3,,,acetylcholine
66275,T2,,,acetylcholine
110582,T4c,,,acetylcholine
79413,T4b,,,acetylcholine
77775,T2a,,,acetylcholine
66528,T2,,,acetylcholine
512705,LC4,,,acetylcholine
45696,Mi1,,,acetylcholine
78856,Tm3,,,acetylcholine
58238,Mi4,,,gaba
140596,Tm3,,,acetylcholine
87452,T2a,,,acetylcholine
68032,T2a,,,acetylcholine
61695,T2,,,acetylcholine
121700,Tm3,,,acetylcholine
39067,Mi1,,,acetylcholine
82674,T4a,,,acetylcholine
77383,T2a,,,acetylcholine
514508,LC4,,,acetylcholine
66372,T2,,,acetylcholine
82669,T2a,,,acetylcholine
113679,T4d,,,acetylcholine
106197,T4a,,,acetylcholine
89573,T2a,,,acetylcholine
48781,TmY3,,,acetylcholine
35934,Mi1,,,acetylcholine
92055,T4c,,,acetylcholine
29417,LC4,,,acetylcholine
79293,Tm3,,,acetylcholine
137451,T4c,,,acetylcholine
23792,LC4,,,acetylcholine
61622,T2,,,acetylcholine
85895,T4c,,,acetylcholine
73757,T2a,,,acetylcholine
74905,T2a,,,acetylcholine
91057,T4c,,,acetylcholine
18478,LC4,,,acetylcholine
94287,T4d,,,acetylcholine
37853,Mi1,,,acetylcholine
518016,LC4,,,acetylcholine
33462,Mi1,,,acetylcholine
117435,T4b,,,acetylcholine
105189,T4b,,,acetylcholine
93588,T4b,,,acetylcholine
57691,Mi4,,,gaba
36275,Mi1,,,acetylcholine
72279,Mi1,,,acetylcholine
44438,Mi1,,,acetylcholine
82656,T2a,,,acetylcholine
109774,T4d,,,acetylcholine
96003,T4d,,,acetylcholine
76481,T2a,,,acetylcholine
116581,T4d,,,acetylcholine
41399,Mi1,,,acetylcholine
72655,Mi1,,,acetylcholine
78014,T2a,,,acetylcholine
96260,T4d,,,acetylcholine
95853,T2a,,,acetylcholine
39727,Mi1,,,acetylcholine
101998,T4d,,,acetylcholine
132339,Tm3,,,acetylcholine
87093,Tm3,,,acetylcholine
108757,T4c,,,acetylcholine
525789,Tm3,,,acetylcholine
38421,Mi1,,,acetylcholine
74884,TmY3,,,acetylcholine
37000,Mi1,,,acetylcholine
108870,T4a,,,acetylcholine
72711,T2,,,acetylcholine
86685,T2a,,,acetylcholine
87255,T2a,,,acetylcholine
70037,TmY3,,,acetylcholine
45954,Mi4,,,gaba
88650,Tm3,,,acetylcholine
97141,T4a,,,acetylcholine
103044,T4a,,,acetylcholine
67231,Mi4,,,gaba
542412,Mi1,,,acetylcholine
22922,LC4,,,acetylcholine
101244,T4b,,,acetylcholine
107715,T4a,,,acetylcholine
54705,Mi4,,,gaba
39688,Mi1,,,acetylcholine
103160,T4a,,,acetylcholine
67332,T2a,,,acetylcholine
92481,TmY3,,,acetylcholine
74272,T2,,,acetylcholine
36452,Mi1,,,acetylcholine
44282,Mi1,,,acetylcholine
95822,T4b,,,acetylcholine
89248,T2,,,acetylcholine
66604,TmY3,,,acetylcholine
63050,T2a,,,acetylcholine
18127,LC4,,,acetylcholine
21313,LC4,,,acetylcholine
112806,T4c,,,acetylcholine
51456,Mi4,,,gaba
57239,Mi1,,,acetylcholine
138152,Tm3,,,acetylcholine
119353,T4b,,,acetylcholine
31301,LC4,,,acetylcholine
61835,T2,,,acetylcholine
45126,Mi4,,,gaba
87087,T2a,,,acetylcholine
91325,T4a,,,acetylcholine
76038,Tm3,,,acetylcholine
116633,T4c,,,acetylcholine
43872,Mi1,,,acetylcholine
57363,Mi4,,,gaba
107997,T4c,,,acetylcholine
40162,Mi4,,,gaba
31429,LC4,,,acetylcholine
92719,T4a,,,acetylcholine
38238,Mi1,,,acetylcholine
43818,Mi4,,,gaba
36660,Mi1,,,acetylcholine
73867,T2,,,acetylcholine
100226,T4a,,,acetylcholine
16917,LC4,,,acetylcholine
40944,Mi1,,,acetylcholine
91619,T2a,,,acetylcholine
79824,Tm3,,,acetylcholine
95972,T4d,,,acetylcholine
78580,T2,,,acetylcholine
128159,T4d,,,acetylcholine
73767,Mi1,,,acetylcholine
82065,Tm3,,,acetylcholine
76325,T2a,,,acetylcholine
102462,T4c,,,acetylcholine
149504,T4d,,,acetylcholine
124345,T4d,,,acetylcholine
113171,T4b,,,acetylcholine
54745,Mi4,,,gaba
114207,T4a,,,acetylcholine
92141,T4a,,,acetylcholine
59864,Tm3,,,acetylcholine
37555,Mi1,,,acetylcholine
42010,TmY3,,,acetylcholine
96657,T4c,,,acetylcholine
63994,Mi1,,,acetylcholine
95005,T4a,,,acetylcholine
90873,T4a,,,acetylcholine
89020,T4a,,,acetylcholine
105363,T4c,,,acetylcholine
43334,TmY3,,,acetylcholine
95554,T4b,,,acetylcholine
87164,T2a,,,acetylcholine
44099,Mi4,,,gaba
108438,T4d,,,acetylcholine
85310,T2a,,,acetylcholine
121245,Tm3,,,acetylcholine
79587,T2a,,,acetylcholine
92171,T4b,,,acetylcholine
108123,T4b,,,acetylcholine
115259,T4c,,,acetylcholine
27750,LC4,,,acetylcholine
86536,Tm3,,,acetylcholine
69980,Tm3,,,acetylcholine
112775,T4d,,,acetylcholine
87390,T2a,,,acetylcholine
83607,T2a,,,acetylcholine
99358,T4c,,,acetylcholine
88353,T4b,,,acetylcholine
37733,TmY3,,,acetylcholine
109727,T4b,,,acetylcholine
77540,Mi4,,,gaba
94599,T4a,,,acetylcholine
89494,T2a,,,acetylcholine
92993,Tm3,,,acetylcholine
59361,TmY3,,,acetylcholine
102544,T4d,,,acetylcholine
108199,T4c,,,acetylcholine
43615,Mi1,,,acetylcholine
90952,T4c,,,acetylcholine
82976,Tm3,,,acetylcholine
129386,Mi4,,,gaba
73619,T2a,,,acetylcholine
30480,LC4,,,acetylcholine
112088,T4d,,,acetylcholine
106840,T4b,,,acetylcholine
88625,T4c,,,acetylcholine
33655,Mi1,,,acetylcholine
79817,Tm3,,,acetylcholine
81415,T2,,,acetylcholine
70318,Mi4,,,gaba
102770,T4a,,,acetylcholine
125603,T4d,,,acetylcholine
75027,Tm3,,,acetylcholine
71402,Tm3,,,acetylcholine
124490,Tm3,,,acetylcholine
36990,Mi1,,,acetylcholine
125432,T4b,,,acetylcholine
48267,TmY3,,,acetylcholine
117551,Tm3,,,acetylcholine
56118,TmY3,,,acetylcholine
107979,T4d,,,acetylcholine
30087,LC4,,,acetylcholine
48227,Mi4,,,gaba
103383,T4c,,,acetylcholine
112563,Tm3,,,acetylcholine
41809,Mi1,,,acetylcholine
89752,T2a,,,acetylcholine
113945,T4d,,,acetylcholine
76268,T2a,,,acetylcholine
87980,T2a,,,acetylcholine
113228,T4b,,,acetylcholine
111003,T4a,,,acetylcholine
100567,T4d,,,acetylcholine
92229,T4c,,,acetylcholine
85730,Tm3,,,acetylcholine
94471,T4a,,,acetylcholine
72796,Tm3,,,acetylcholine
119651,T4c,,,acetylcholine
93224,T4a,,,acetylcholine
87507,T2a,,,acetylcholine
34479,Mi1,,,acetylcholine
103933,T4d,,,acetylcholine
138000,Tm3,,,acetylcholine
91940,T2a,,,acetylcholine
70708,T2,,,acetylcholine
43414,Mi1,,,acetylcholine
131034,Tm3,,,acetylcholine
43485,Mi1,,,acetylcholine
80866,T2a,,,acetylcholine
81926,T2,,,acetylcholine
117018,T4b,,,acetylcholine
79134,Tm3,,,acetylcholine
111579,Tm3,,,acetylcholine
42218,Mi4,,,gaba
122887,T4d,,,acetylcholine
105521,T4c,,,acetylcholine
88095,T4d,,,acetylcholine
58224,Mi1,,,acetylcholine
72501,Mi1,,,acetylcholine
88617,T4a,,,acetylcholine
84986,Mi4,,,gaba
69961,Tm3,,,acetylcholine
93941,T4b,,,acetylcholine
111180,T4c,,,acetylcholine
81995,Tm3,,,acetylcholine
75118,T2a,,,acetylcholine
98890,T4c,,,acetylcholine
100956,T4d,,,acetylcholine
34862,Mi1,,,acetylcholine
37927,Mi1,,,acetylcholine
67424,T2,,,acetylcholine
92957,T4d,,,acetylcholine
67614,Mi1,,,acetylcholine
114444,T4b,,,acetylcholine
68412,T2a,,,acetylcholine
10041,OA-VUMa1,,,octopamine
107240,T4b,,,acetylcholine
804642,TTMn,,,unclear
61821,Mi4,,,gaba
85741,T4a,,,acetylcholine
92684,T4c,,,acetylcholine
105834,T4d,,,acetylcholine
75610,Mi4,,,gaba
82576,T4b,,,acetylcholine
35001,Mi1,,,acetylcholine
80265,TmY3,,,acetylcholine
118948,T4d,,,acetylcholine
105135,T4c,,,acetylcholine
26112,LC4,,,acetylcholine
43851,Mi4,,,gaba
66333,T2a,,,acetylcholine
65315,T2a,,,acetylcholine
65513,T2a,,,acetylcholine
83004,T4b,,,acetylcholine
85866,T4b,,,acetylcholine
89726,T2a,,,acetylcholine
83161,T2a,,,acetylcholine
115731,Tm3,,,acetylcholine
86992,T4b,,,acetylcholine
61968,T2,,,acetylcholine
130280,Tm3,,,acetylcholine
43924,TmY3,,,acetylcholine
90655,T4a,,,acetylcholine
23098,LC4,,,acetylcholine
112205,T4c,,,acetylcholine
115111,T4a,,,acetylcholine
97318,T4d,,,acetylcholine
74725,T2a,,,acetylcholine
95287,T4a,,,acetylcholine
118502,T4b,,,acetylcholine
109536,T4d,,,acetylcholine
115686,T4b,,,acetylcholine
80385,Tm3,,,acetylcholine
36533,Mi1,,,acetylcholine
66739,Tm3,,,acetylcholine
38687,Mi1,,,acetylcholine
68212,T2a,,,acetylcholine
61370,T2,,,acetylcholine
78386,T2a,,,acetylcholine
89308,Mi4,,,gaba
79197,T2a,,,acetylcholine
102676,T4d,,,acetylcholine
107031,T4b,,,acetylcholine
12688,OA-ASM1,,,octopamine
117556,T4c,,,acetylcholine
64855,T2,,,acetylcholine
86038,T2a,,,acetylcholine
105313,T4a,,,acetylcholine
100274,T4a,,,acetylcholine
104999,T4c,,,acetylcholine
112256,T4b,,,acetylcholine
83042,T4b,,,acetylcholine
98748,T4c,,,acetylcholine
106200,T4c,,,acetylcholine
62488,T2,,,acetylcholine
106362,T4d,,,acetylcholine
23392,LC4,,,acetylcholine
48475,TmY3,,,acetylcholine
67942,TmY3,,,acetylcholine
64341,TmY3,,,acetylcholine
99922,T4c,,,acetylcholine
102909,T4c,,,acetylcholine
10023,HSS,,,acetylcholine
112545,T4d,,,acetylcholine
95364,T4d,,,acetylcholine
87845,T4a,,,acetylcholine
94743,T4d,,,acetylcholine
55101,Mi1,,,acetylcholine
134624,Tm3,,,acetylcholine
82855,Tm3,,,acetylcholine
94305,T4a,,,acetylcholine
80812,T4a,,,acetylcholine
82498,Tm3,,,acetylcholine
48897,TmY3,,,acetylcholine
101707,T4c,,,acetylcholine
111134,T4d,,,acetylcholine
88460,T2a,,,acetylcholine
113568,T4d,,,acetylcholine
77920,Tm3,,,acetylcholine
91173,T2a,,,acetylcholine
118173,Tm3,,,acetylcholine
62851,Tm3,,,acetylcholine
87005,Tm3,,,acetylcholine
135612,Tm3,,,acetylcholine
101067,T4a,,,acetylcholine
68494,T2,,,acetylcholine
109035,T4b,,,acetylcholine
100769,T4d,,,acetylcholine
70635,Tm3,,,acetylcholine
112809,T4d,,,acetylcholine
120928,T4d,,,acetylcholine
108190,T4b,,,acetylcholine
41654,Mi1,,,acetylcholine
78698,Tm3,,,acetylcholine
80135,T2a,,,acetylcholine
108919,Mi4,,,gaba
101621,T4d,,,acetylcholine
105403,T4c,,,acetylcholine
126163,Tm3,,,acetylcholine
93927,T4a,,,acetylcholine
111380,Tm3,,,acetylcholine
113207,T4d,,,acetylcholine
117053,T4b,,,acetylcholine
70413,T2,,,acetylcholine
89064,T2a,,,acetylcholine
75308,T2,,,acetylcholine
91076,T4a,,,acetylcholine
75590,T2a,,,acetylcholine
105126,T4c,,,acetylcholine
73716,T2a,,,acetylcholine
87827,T2a,,,acetylcholine
48930,TmY3,,,acetylcholine
63468,Mi1,,,acetylcholine
101770,T4b,,,acetylcholine
97835,T4a,,,acetylcholine
82099,T4b,,,acetylcholine
118509,T4d,,,acetylcholine
85918,T2a,,,acetylcholine
546597,Mi4,,,gaba
86347,T2a,,,acetylcholine
56564,Mi1,,,acetylcholine
84577,T2a,,,acetylcholine
83438,T4a,,,acetylcholine
93360,T4b,,,acetylcholine
91934,T4a,,,acetylcholine
124155,T4d,,,acetylcholine
73807,Tm3,,,acetylcholine
109857,T4d,,,acetylcholine
68744,Mi4,,,gaba
80256,T2a,,,acetylcholine
42594,Mi1,,,acetylcholine
539983,T4c,,,acetylcholine
88152,T4c,,,acetylcholine
92046,T4d,,,acetylcholine
74807,TmY3,,,acetylcholine
71652,Tm3,,,acetylcholine
81074,T2,,,acetylcholine
84010,Tm3,,,acetylcholine
100190,T4c,,,acetylcholine
87412,T4c,,,acetylcholine
90278,T4a,,,acetylcholine
102799,T4c,,,acetylcholine
37699,Mi1,,,acetylcholine
132624,Tm3,,,acetylcholine
76528,Tm3,,,acetylcholine
82703,T2a,,,acetylcholine
112458,T4b,,,acetylcholine
71134,T2,,,acetylcholine
40411,Mi1,,,acetylcholine
60438,T2,,,acetylcholine
118268,T4d,,,acetylcholine
95001,T4c,,,acetylcholine
91345,T4c,,,acetylcholine
110989,T4b,,,acetylcholine
154994,Tm3,,,acetylcholine
99038,Tm3,,,acetylcholine
41613,Mi1,,,acetylcholine
102975,T4b,,,acetylcholine
85006,T2a,,,acetylcholine
113750,T4a,,,acetylcholine
10825,OA-AL2i3,,,octopamine
69266,Tm3,,,acetylcholine
34938,Mi1,,,acetylcholine
94549,T4b,,,acetylcholine
96989,T4d,,,acetylcholine
79257,Tm3,,,acetylcholine
69872,T2a,,,acetylcholine
52485,TmY3,,,acetylcholine
77910,Tm3,,,acetylcholine
64275,Mi4,,,gaba
131502,T4d,,,acetylcholine
80033,T4a,,,acetylcholine
76003,Tm3,,,acetylcholine
39595,Mi1,,,acetylcholine
68713,T2,,,acetylcholine
105214,T4c,,,acetylcholine
84746,T2a,,,acetylcholine
110657,T4a,,,acetylcholine
84631,T4c,,,acetylcholine
98361,T4a,,,acetylcholine
86981,T2a,,,acetylcholine
117197,Tm3,,,acetylcholine
100673,T4b,,,acetylcholine
101134,T4c,,,acetylcholine
80528,T2a,,,acetylcholine
95824,T4a,,,acetylcholine
110712,T4c,,,acetylcholine
41522,Mi1,,,acetylcholine
96163,T4b,,,acetylcholine
144124,Tm3,,,acetylcholine
76121,Tm3,,,acetylcholine
46662,TmY3,,,acetylcholine
70900,Tm3,,,acetylcholine
47044,Mi4,,,gaba
80878,T2a,,,acetylcholine
35572,Mi1,,,acetylcholine
102514,T4a,,,acetylcholine
107082,T4d,,,acetylcholine
90566,T4d,,,acetylcholine
84981,T2,,,acetylcholine
68140,Tm3,,,acetylcholine
69719,Tm3,,,acetylcholine
68689,T2a,,,acetylcholine
10168,OA-VUMa6,,,octopamine
63820,T2a,,,acetylcholine
88343,Tm3,,,acetylcholine
108824,T4d,,,acetylcholine
77484,T4d,,,acetylcholine
89483,T4a,,,acetylcholine
11264,OA-ASM1,,,octopamine
25584,LC4,,,acetylcholine
76895,T2,,,acetylcholine
66956,T2,,,acetylcholine
110160,T4c,,,acetylcholine
92652,T2a,,,acetylcholine
81975,T2a,,,acetylcholine
62401,T2,,,acetylcholine
75686,T2a,,,acetylcholine
95629,T4c,,,acetylcholine
77039,T2a,,,acetylcholine
88992,T4c,,,acetylcholine
92082,T4b,,,acetylcholine
90888,T4b,,,acetylcholine
102329,T4d,,,acetylcholine
37353,Mi1,,,acetylcholine
53065,Mi1,,,acetylcholine
65373,T2,,,acetylcholine
114338,T4c,,,acetylcholine
80233,T2a,,,acetylcholine
95528,T4d,,,acetylcholine
74853,Tm3,,,acetylcholine
126723,T4a,,,unclear
95681,T4a,,,acetylcholine
109127,T4b,,,acetylcholine
67295,T2,,,acetylcholine
84788,T4a,,,acetylcholine
93604,T4a,,,acetylcholine
103479,T4c,,,acetylcholine
92146,T4a,,,acetylcholine
99671,T4c,,,acetylcholine
103344,T4b,,,acetylcholine
79314,T4b,,,acetylcholine
62894,Tm3,,,acetylcholine
87679,Tm3,,,acetylcholine
11921,OA-VPM4,,,octopamine
38721,Mi1,,,acetylcholine
119959,T4d,,,acetylcholine
77676,T2a,,,acetylcholine
65440,T2a,,,acetylcholine
54216,TmY3,,,acetylcholine
19543,LC4,,,acetylcholine
38772,Mi1,,,acetylcholine
67072,T2a,,,acetylcholine
103955,T4d,,,acetylcholine
60836,Mi4,,,gaba
109859,T4d,,,acetylcholine
94624,T4a,,,acetylcholine
121542,T4a,,,acetylcholine
40171,Mi1,,,acetylcholine
104582,T4d,,,acetylcholine
75746,T2,,,acetylcholine
111783,T4a,,,acetylcholine
88169,T2a,,,acetylcholine
87318,Tm3,,,acetylcholine
74442,Tm3,,,acetylcholine
17266,LC4,,,acetylcholine
137320,Tm3,,,acetylcholine
74278,T2a,,,acetylcholine
92911,T4c,,,acetylcholine
110483,T4b,,,acetylcholine
17926,LC4,,,acetylcholine
90371,T4d,,,acetylcholine
74937,T2a,,,acetylcholine
41637,Mi1,,,acetylcholine
31492,Mi1,,,acetylcholine
44989,Mi4,,,gaba
66538,T2,,,acetylcholine
109142,T4b,,,acetylcholine
46324,TmY3,,,acetylcholine
77344,Tm3,,,acetylcholine
72045,T2a,,,acetylcholine
104450,T4a,,,acetylcholine
81738,T2a,,,acetylcholine
10658,OA-AL2i3,,,octopamine
122079,T4b,,,acetylcholine
72238,T2,,,acetylcholine
33907,Mi1,,,acetylcholine
106664,T4c,,,acetylcholine
97866,T4d,,,acetylcholine
98448,T4b,,,acetylcholine
85664,TmY3,,,acetylcholine
93266,Tm3,,,acetylcholine
111497,T4b,,,acetylcholine
40219,Mi1,,,acetylcholine
70792,T2,,,acetylcholine
95007,T4a,,,acetylcholine
97545,T4c,,,acetylcholine
115796,T4b,,,acetylcholine
46401,Mi4,,,gaba
118069,T4b,,,acetylcholine
107181,T4c,,,acetylcholine
11608,OA-VUMa2,,,octopamine
104622,T4b,,,acetylcholine
114887,T4d,,,acetylcholine
83045,Tm3,,,acetylcholine
40577,Mi1,,,acetylcholine
526832,TmY3,,,acetylcholine
98118,T4c,,,acetylcholine
71408,T2,,,acetylcholine
71164,Mi1,,,acetylcholine
102031,T4c,,,acetylcholine
80855,Tm3,,,acetylcholine
100874,T4a,,,acetylcholine
81986,Tm3,,,acetylcholine
77527,T4a,,,acetylcholine
56006,T2,,,acetylcholine
103351,T4a,,,acetylcholine
52328,TmY3,,,acetylcholine
83465,T4a,,,acetylcholine
53983,TmY3,,,acetylcholine
96812,T4a,,,acetylcholine
104336,T4b,,,acetylcholine
90430,T2a,,,acetylcholine
95928,T4c,,,acetylcholine
104858,T4b,,,acetylcholine
99011,T4c,,,acetylcholine
105379,T4c,,,acetylcholine
66526,T2,,,acetylcholine
73069,T2,,,acetylcholine
36646,Mi1,,,acetylcholine
65512,T2,,,acetylcholine
39158,Mi1,,,acetylcholine
60698,TmY3,,,acetylcholine
10120,OA-VPM4,,,octopamine
59013,Mi4,,,gaba
97675,T4c,,,acetylcholine
87106,T4a,,,acetylcholine
99663,T4c,,,acetylcholine
100485,LC4,,,acetylcholine
40599,TmY3,,,acetylcholine
73447,Tm3,,,acetylcholine
62912,T2,,,acetylcholine
81401,T4b,,,acetylcholine
118551,Tm3,,,acetylcholine
50831,Mi4,,,gaba
96638,T4c,,,acetylcholine
73172,T2a,,,acetylcholine
101215,T4c,,,acetylcholine
74303,Mi1,,,acetylcholine
111980,T4d,,,acetylcholine
69406,T2a,,,acetylcholine
96081,T4a,,,acetylcholine
15422,VST2,,,acetylcholine
58576,T2,,,acetylcholine
518983,LC4,,,acetylcholine
102481,T4a,,,acetylcholine
63547,Mi9,,,glutamate
88908,Tm3,,,acetylcholine
109937,T4a,,,acetylcholine
70414,T2a,,,acetylcholine
89073,T2a,,,acetylcholine
85608,T2a,,,acetylcholine
76134,T2a,,,acetylcholine
105802,T4c,,,acetylcholine
98099,T4b,,,acetylcholine
95453,T4a,,,acetylcholine
38208,Mi1,,,acetylcholine
67132,TmY3,,,acetylcholine
111928,T4b,,,acetylcholine
120820,T4c,,,acetylcholine
97249,T4d,,,acetylcholine
85778,T4b,,,acetylcholine
105228,T4d,,,acetylcholine
68855,Mi4,,,gaba
40635,Mi1,,,acetylcholine
39629,Mi1,,,acetylcholine
65504,T2,,,acetylcholine
118232,T4d,,,acetylcholine
88722,T4c,,,acetylcholine
109645,T4b,,,acetylcholine
77846,Tm3,,,acetylcholine
66873,Tm3,,,acetylcholine
48514,TmY3,,,acetylcholine
94324,Tm3,,,acetylcholine
79502,Tm3,,,acetylcholine
51848,TmY3,,,acetylcholine
146859,Tm3,,,acetylcholine
11981,Li28,Li28_R,,gaba
14209,Li28,Li28_L,,gaba
15019,Li28,Li28_L,,gaba
15263,Li28,Li28_L,,gaba
15909,Li28,Li28_R,,gaba
16033,Li28,Li28_R,,gaba
16545,Li28,Li28_R,,gaba
16596,Li28,Li28_L,,gaba
17280,Li28,Li28_R,,gaba
17596,Li28,Li28_L,,gaba
19292,Li28,Li28_L,,gaba
20264,Li28,Li28_L,,gaba
23047,Li28,Li28_R,,gaba
