bodyId_pre,bodyId_post,weight,type_pre,type_post,roi
68264,11981,19.0,Tm3,Li28,
69723,15909,18.0,Tm3,Li28,
75343,16033,18.0,Tm3,Li28,
90860,15909,18.0,Tm3,Li28,
66267,17280,17.0,Tm3,Li28,
71931,11981,17.0,Tm3,Li28,
127970,16033,17.0,Tm3,Li28,
525789,16545,17.0,Tm3,Li28,
72989,17280,16.0,Tm3,Li28,
78968,16033,16.0,Tm3,Li28,
80358,16545,16.0,Tm3,Li28,
66791,23047,15.0,Tm3,Li28,
71361,23047,15.0,Tm3,Li28,
79817,16033,15.0,Tm3,Li28,
83507,15909,15.0,Tm3,Li28,
89182,16033,15.0,Tm3,Li28,
112543,17280,15.0,Tm3,Li28,
40716,17280,14.0,Tm3,Li28,
73139,11981,14.0,Tm3,Li28,
73301,15909,14.0,Tm3,Li28,
73807,15909,14.0,Tm3,Li28,
74442,16033,14.0,Tm3,Li28,
77846,15909,14.0,Tm3,Li28,
78603,11981,14.0,Tm3,Li28,
78773,15909,14.0,Tm3,Li28,
85292,15909,14.0,Tm3,Li28,
92993,16545,14.0,Tm3,Li28,
98862,11981,14.0,Tm3,Li28,
99773,16033,14.0,Tm3,Li28,
118822,16033,14.0,Tm3,Li28,
125171,15909,14.0,Tm3,Li28,
130376,15909,14.0,Tm3,Li28,
132834,15909,14.0,Tm3,Li28,
137357,16545,14.0,Tm3,Li28,
64849,15909,13.0,Tm3,Li28,
67810,23047,13.0,Tm3,Li28,
67971,15909,13.0,Tm3,Li28,
68140,11981,13.0,Tm3,Li28,
69186,16033,13.0,Tm3,Li28,
69706,11981,13.0,Tm3,Li28,
69963,11981,13.0,Tm3,Li28,
70632,15909,13.0,Tm3,Li28,
74860,15909,13.0,Tm3,Li28,
80358,15909,13.0,Tm3,Li28,
82699,16033,13.0,Tm3,Li28,
89165,15909,13.0,Tm3,Li28,
91368,16033,13.0,Tm3,Li28,
94324,16033,13.0,Tm3,Li28,
101772,15909,13.0,Tm3,Li28,
102002,16033,13.0,Tm3,Li28,
126163,16545,13.0,Tm3,Li28,
137939,15909,13.0,Tm3,Li28,
159987,15909,13.0,Tm3,Li28,
39088,16033,12.0,Tm3,Li28,
61500,11981,12.0,Tm3,Li28,
66808,15909,12.0,Tm3,Li28,
67152,16033,12.0,Tm3,Li28,
69441,11981,12.0,Tm3,Li28,
70632,16033,12.0,Tm3,Li28,
71035,11981,12.0,Tm3,Li28,
71361,15909,12.0,Tm3,Li28,
72794,16545,12.0,Tm3,Li28,
72796,16545,12.0,Tm3,Li28,
73412,11981,12.0,Tm3,Li28,
74927,15909,12.0,Tm3,Li28,
78470,16033,12.0,Tm3,Li28,
79683,16033,12.0,Tm3,Li28,
84010,15909,12.0,Tm3,Li28,
84355,16033,12.0,Tm3,Li28,
88381,15909,12.0,Tm3,Li28,
88746,16033,12.0,Tm3,Li28,
89728,16033,12.0,Tm3,Li28,
92027,16545,12.0,Tm3,Li28,
93266,16033,12.0,Tm3,Li28,
93736,15909,12.0,Tm3,Li28,
95060,15909,12.0,Tm3,Li28,
101961,11981,12.0,Tm3,Li28,
117551,11981,12.0,Tm3,Li28,
128726,17280,12.0,Tm3,Li28,
130730,16033,12.0,Tm3,Li28,
138000,15909,12.0,Tm3,Li28,
62089,16033,11.0,Tm3,Li28,
64951,17280,11.0,Tm3,Li28,
65742,15909,11.0,Tm3,Li28,
66739,11981,11.0,Tm3,Li28,
66791,15909,11.0,Tm3,Li28,
66873,17280,11.0,Tm3,Li28,
67971,16033,11.0,Tm3,Li28,
68342,15909,11.0,Tm3,Li28,
68918,16033,11.0,Tm3,Li28,
68983,11981,11.0,Tm3,Li28,
69266,15909,11.0,Tm3,Li28,
69380,15909,11.0,Tm3,Li28,
69380,16545,11.0,Tm3,Li28,
69546,11981,11.0,Tm3,Li28,
69706,16545,11.0,Tm3,Li28,
69979,17280,11.0,Tm3,Li28,
70900,16545,11.0,Tm3,Li28,
71230,23047,11.0,Tm3,Li28,
71652,15909,11.0,Tm3,Li28,
72426,15909,11.0,Tm3,Li28,
74061,16033,11.0,Tm3,Li28,
75027,16033,11.0,Tm3,Li28,
75712,16033,11.0,Tm3,Li28,
76343,17280,11.0,Tm3,Li28,
78151,16545,11.0,Tm3,Li28,
80385,11981,11.0,Tm3,Li28,
80927,11981,11.0,Tm3,Li28,
80989,15909,11.0,Tm3,Li28,
81287,17280,11.0,Tm3,Li28,
81733,16033,11.0,Tm3,Li28,
85730,11981,11.0,Tm3,Li28,
87756,16545,11.0,Tm3,Li28,
88246,15909,11.0,Tm3,Li28,
88650,15909,11.0,Tm3,Li28,
88870,15909,11.0,Tm3,Li28,
88908,23047,11.0,Tm3,Li28,
89182,15909,11.0,Tm3,Li28,
90995,11981,11.0,Tm3,Li28,
91070,16545,11.0,Tm3,Li28,
92886,16545,11.0,Tm3,Li28,
96548,15909,11.0,Tm3,Li28,
97503,15909,11.0,Tm3,Li28,
104128,16545,11.0,Tm3,Li28,
107412,15909,11.0,Tm3,Li28,
117197,16545,11.0,Tm3,Li28,
117627,15909,11.0,Tm3,Li28,
121700,17280,11.0,Tm3,Li28,
128697,17280,11.0,Tm3,Li28,
131823,11981,11.0,Tm3,Li28,
135189,16545,11.0,Tm3,Li28,
137130,15909,11.0,Tm3,Li28,
137694,16033,11.0,Tm3,Li28,
137939,16545,11.0,Tm3,Li28,
148827,15909,11.0,Tm3,Li28,
525789,15909,11.0,Tm3,Li28,
58945,16545,10.0,Tm3,Li28,
59864,17280,10.0,Tm3,Li28,
62851,17280,10.0,Tm3,Li28,
65550,17280,10.0,Tm3,Li28,
67810,15909,10.0,Tm3,Li28,
68167,15909,10.0,Tm3,Li28,
68933,11981,10.0,Tm3,Li28,
69186,15909,10.0,Tm3,Li28,
69266,16033,10.0,Tm3,Li28,
69680,15909,10.0,Tm3,Li28,
70402,15909,10.0,Tm3,Li28,
70800,16033,10.0,Tm3,Li28,
71230,16033,10.0,Tm3,Li28,
71475,15909,10.0,Tm3,Li28,
72859,16033,10.0,Tm3,Li28,
74231,11981,10.0,Tm3,Li28,
77307,16033,10.0,Tm3,Li28,
77891,16033,10.0,Tm3,Li28,
78422,15909,10.0,Tm3,Li28,
81305,16033,10.0,Tm3,Li28,
81372,11981,10.0,Tm3,Li28,
81986,15909,10.0,Tm3,Li28,
81995,15909,10.0,Tm3,Li28,
82121,23047,10.0,Tm3,Li28,
83227,15909,10.0,Tm3,Li28,
83507,16033,10.0,Tm3,Li28,
83718,11981,10.0,Tm3,Li28,
85937,15909,10.0,Tm3,Li28,
85937,16545,10.0,Tm3,Li28,
87093,15909,10.0,Tm3,Li28,
88435,15909,10.0,Tm3,Li28,
88650,16033,10.0,Tm3,Li28,
88908,16033,10.0,Tm3,Li28,
89165,16033,10.0,Tm3,Li28,
90432,16545,10.0,Tm3,Li28,
91644,16545,10.0,Tm3,Li28,
101730,16033,10.0,Tm3,Li28,
105565,17280,10.0,Tm3,Li28,
106912,11981,10.0,Tm3,Li28,
112563,16545,10.0,Tm3,Li28,
118173,11981,10.0,Tm3,Li28,
138496,16545,10.0,Tm3,Li28,
140596,15909,10.0,Tm3,Li28,
140596,16545,10.0,Tm3,Li28,
146859,16545,10.0,Tm3,Li28,
530434,15909,10.0,Tm3,Li28,
532850,15909,10.0,Tm3,Li28,
533688,16033,10.0,Tm3,Li28,
171349687,17280,10.0,Tm3,Li28,
59864,16545,9.0,Tm3,Li28,
60643,17280,9.0,Tm3,Li28,
62302,16033,9.0,Tm3,Li28,
65508,11981,9.0,Tm3,Li28,
65810,16033,9.0,Tm3,Li28,
67963,17280,9.0,Tm3,Li28,
68140,17280,9.0,Tm3,Li28,
68167,16033,9.0,Tm3,Li28,
68342,16033,9.0,Tm3,Li28,
68982,15909,9.0,Tm3,Li28,
69736,16545,9.0,Tm3,Li28,
69980,15909,9.0,Tm3,Li28,
70093,16545,9.0,Tm3,Li28,
70723,11981,9.0,Tm3,Li28,
70800,15909,9.0,Tm3,Li28,
71402,11981,9.0,Tm3,Li28,
72148,15909,9.0,Tm3,Li28,
72896,11981,9.0,Tm3,Li28,
73447,11981,9.0,Tm3,Li28,
73807,16545,9.0,Tm3,Li28,
74061,11981,9.0,Tm3,Li28,
74228,16033,9.0,Tm3,Li28,
74373,16033,9.0,Tm3,Li28,
75550,15909,9.0,Tm3,Li28,
75550,16033,9.0,Tm3,Li28,
76121,11981,9.0,Tm3,Li28,
76259,11981,9.0,Tm3,Li28,
76528,15909,9.0,Tm3,Li28,
77846,16033,9.0,Tm3,Li28,
77880,16033,9.0,Tm3,Li28,
77910,16545,9.0,Tm3,Li28,
78731,16545,9.0,Tm3,Li28,
78911,16545,9.0,Tm3,Li28,
79483,16033,9.0,Tm3,Li28,
80855,15909,9.0,Tm3,Li28,
80911,15909,9.0,Tm3,Li28,
81471,11981,9.0,Tm3,Li28,
81950,11981,9.0,Tm3,Li28,
82338,17280,9.0,Tm3,Li28,
82515,15909,9.0,Tm3,Li28,
82724,15909,9.0,Tm3,Li28,
84434,15909,9.0,Tm3,Li28,
84452,16033,9.0,Tm3,Li28,
87234,15909,9.0,Tm3,Li28,
87328,16545,9.0,Tm3,Li28,
87679,16033,9.0,Tm3,Li28,
88343,16545,9.0,Tm3,Li28,
88951,11981,9.0,Tm3,Li28,
88951,15909,9.0,Tm3,Li28,
91781,15909,9.0,Tm3,Li28,
92027,11981,9.0,Tm3,Li28,
92132,16545,9.0,Tm3,Li28,
92342,15909,9.0,Tm3,Li28,
96353,16033,9.0,Tm3,Li28,
97829,15909,9.0,Tm3,Li28,
99606,17280,9.0,Tm3,Li28,
103497,16545,9.0,Tm3,Li28,
110910,11981,9.0,Tm3,Li28,
114850,16545,9.0,Tm3,Li28,
117262,17280,9.0,Tm3,Li28,
118173,17280,9.0,Tm3,Li28,
120992,16545,9.0,Tm3,Li28,
121181,11981,9.0,Tm3,Li28,
122290,15909,9.0,Tm3,Li28,
123564,15909,9.0,Tm3,Li28,
127170,16033,9.0,Tm3,Li28,
129235,17280,9.0,Tm3,Li28,
131034,16545,9.0,Tm3,Li28,
133040,16545,9.0,Tm3,Li28,
134029,16545,9.0,Tm3,Li28,
134179,16545,9.0,Tm3,Li28,
134515,16545,9.0,Tm3,Li28,
140868,16545,9.0,Tm3,Li28,
146859,15909,9.0,Tm3,Li28,
148827,16545,9.0,Tm3,Li28,
532805,15909,9.0,Tm3,Li28,
61659,11981,8.0,Tm3,Li28,
61946,17280,8.0,Tm3,Li28,
62112,11981,8.0,Tm3,Li28,
62894,11981,8.0,Tm3,Li28,
63021,15909,8.0,Tm3,Li28,
63673,15909,8.0,Tm3,Li28,
64442,17280,8.0,Tm3,Li28,
64539,11981,8.0,Tm3,Li28,
65925,11981,8.0,Tm3,Li28,
66267,11981,8.0,Tm3,Li28,
68302,11981,8.0,Tm3,Li28,
68933,16545,8.0,Tm3,Li28,
69536,17280,8.0,Tm3,Li28,
69961,16545,8.0,Tm3,Li28,
70402,23047,8.0,Tm3,Li28,
70723,16033,8.0,Tm3,Li28,
71061,17280,8.0,Tm3,Li28,
71230,15909,8.0,Tm3,Li28,
72066,11981,8.0,Tm3,Li28,
72066,16545,8.0,Tm3,Li28,
72194,11981,8.0,Tm3,Li28,
72426,11981,8.0,Tm3,Li28,
72543,17280,8.0,Tm3,Li28,
72859,15909,8.0,Tm3,Li28,
73412,16033,8.0,Tm3,Li28,
73447,16033,8.0,Tm3,Li28,
75473,11981,8.0,Tm3,Li28,
75852,11981,8.0,Tm3,Li28,
76524,15909,8.0,Tm3,Li28,
77254,15909,8.0,Tm3,Li28,
77920,16545,8.0,Tm3,Li28,
78151,16033,8.0,Tm3,Li28,
78605,15909,8.0,Tm3,Li28,
78731,11981,8.0,Tm3,Li28,
78856,16033,8.0,Tm3,Li28,
80177,11981,8.0,Tm3,Li28,
80177,16545,8.0,Tm3,Li28,
80911,16033,8.0,Tm3,Li28,
81064,15909,8.0,Tm3,Li28,
81305,15909,8.0,Tm3,Li28,
81305,23047,8.0,Tm3,Li28,
82065,16033,8.0,Tm3,Li28,
82282,15909,8.0,Tm3,Li28,
82498,16033,8.0,Tm3,Li28,
82976,16033,8.0,Tm3,Li28,
83682,16033,8.0,Tm3,Li28,
84010,16033,8.0,Tm3,Li28,
84364,16033,8.0,Tm3,Li28,
84434,16033,8.0,Tm3,Li28,
84689,15909,8.0,Tm3,Li28,
84781,16033,8.0,Tm3,Li28,
86630,16033,8.0,Tm3,Li28,
86972,16545,8.0,Tm3,Li28,
87318,16545,8.0,Tm3,Li28,
89728,15909,8.0,Tm3,Li28,
90432,15909,8.0,Tm3,Li28,
90740,15909,8.0,Tm3,Li28,
90740,16033,8.0,Tm3,Li28,
91644,15909,8.0,Tm3,Li28,
93100,15909,8.0,Tm3,Li28,
94302,16033,8.0,Tm3,Li28,
96189,15909,8.0,Tm3,Li28,
97888,11981,8.0,Tm3,Li28,
97888,16545,8.0,Tm3,Li28,
109868,15909,8.0,Tm3,Li28,
110987,11981,8.0,Tm3,Li28,
112194,15909,8.0,Tm3,Li28,
120016,16545,8.0,Tm3,Li28,
121170,16545,8.0,Tm3,Li28,
122233,16545,8.0,Tm3,Li28,
122273,15909,8.0,Tm3,Li28,
123564,17280,8.0,Tm3,Li28,
127615,16033,8.0,Tm3,Li28,
127686,16545,8.0,Tm3,Li28,
128697,16545,8.0,Tm3,Li28,
130150,15909,8.0,Tm3,Li28,
131329,16545,8.0,Tm3,Li28,
134799,17280,8.0,Tm3,Li28,
135467,16545,8.0,Tm3,Li28,
148316,15909,8.0,Tm3,Li28,
530434,16033,8.0,Tm3,Li28,
57950,17280,7.0,Tm3,Li28,
62112,17280,7.0,Tm3,Li28,
64539,17280,7.0,Tm3,Li28,
64849,16033,7.0,Tm3,Li28,
65742,16033,7.0,Tm3,Li28,
66325,15909,7.0,Tm3,Li28,
66739,16545,7.0,Tm3,Li28,
66873,11981,7.0,Tm3,Li28,
67131,11981,7.0,Tm3,Li28,
68982,16545,7.0,Tm3,Li28,
69570,15909,7.0,Tm3,Li28,
69719,16545,7.0,Tm3,Li28,
70153,11981,7.0,Tm3,Li28,
70153,17280,7.0,Tm3,Li28,
70697,16545,7.0,Tm3,Li28,
70697,17280,7.0,Tm3,Li28,
71035,16545,7.0,Tm3,Li28,
71308,16033,7.0,Tm3,Li28,
71361,16033,7.0,Tm3,Li28,
72194,16545,7.0,Tm3,Li28,
72426,16033,7.0,Tm3,Li28,
72839,16033,7.0,Tm3,Li28,
73828,15909,7.0,Tm3,Li28,
74044,16033,7.0,Tm3,Li28,
74228,15909,7.0,Tm3,Li28,
74375,15909,7.0,Tm3,Li28,
75473,16033,7.0,Tm3,Li28,
75484,11981,7.0,Tm3,Li28,
76074,16545,7.0,Tm3,Li28,
76380,16545,7.0,Tm3,Li28,
76524,11981,7.0,Tm3,Li28,
76528,23047,7.0,Tm3,Li28,
77138,11981,7.0,Tm3,Li28,
77991,15909,7.0,Tm3,Li28,
78529,16545,7.0,Tm3,Li28,
78698,16033,7.0,Tm3,Li28,
78728,11981,7.0,Tm3,Li28,
79293,11981,7.0,Tm3,Li28,
79483,15909,7.0,Tm3,Li28,
81313,11981,7.0,Tm3,Li28,
81986,16033,7.0,Tm3,Li28,
81986,16545,7.0,Tm3,Li28,
82038,16033,7.0,Tm3,Li28,
82121,15909,7.0,Tm3,Li28,
82724,16033,7.0,Tm3,Li28,
82855,16033,7.0,Tm3,Li28,
83045,11981,7.0,Tm3,Li28,
83225,15909,7.0,Tm3,Li28,
83307,11981,7.0,Tm3,Li28,
83307,16033,7.0,Tm3,Li28,
83718,15909,7.0,Tm3,Li28,
83875,17280,7.0,Tm3,Li28,
84364,23047,7.0,Tm3,Li28,
84452,15909,7.0,Tm3,Li28,
84800,16545,7.0,Tm3,Li28,
85837,15909,7.0,Tm3,Li28,
86319,15909,7.0,Tm3,Li28,
86536,15909,7.0,Tm3,Li28,
86724,15909,7.0,Tm3,Li28,
86917,15909,7.0,Tm3,Li28,
87005,16033,7.0,Tm3,Li28,
88343,15909,7.0,Tm3,Li28,
88435,16033,7.0,Tm3,Li28,
89273,16033,7.0,Tm3,Li28,
89273,23047,7.0,Tm3,Li28,
89604,16545,7.0,Tm3,Li28,
90860,16545,7.0,Tm3,Li28,
95232,16545,7.0,Tm3,Li28,
97609,16033,7.0,Tm3,Li28,
98410,16033,7.0,Tm3,Li28,
99038,16033,7.0,Tm3,Li28,
101962,16545,7.0,Tm3,Li28,
107184,17280,7.0,Tm3,Li28,
111746,15909,7.0,Tm3,Li28,
117262,11981,7.0,Tm3,Li28,
118924,15909,7.0,Tm3,Li28,
120312,16545,7.0,Tm3,Li28,
121170,11981,7.0,Tm3,Li28,
121245,16545,7.0,Tm3,Li28,
122273,16033,7.0,Tm3,Li28,
123564,16545,7.0,Tm3,Li28,
129235,16545,7.0,Tm3,Li28,
130861,16545,7.0,Tm3,Li28,
133040,15909,7.0,Tm3,Li28,
133950,16545,7.0,Tm3,Li28,
134372,16545,7.0,Tm3,Li28,
135112,16545,7.0,Tm3,Li28,
135612,11981,7.0,Tm3,Li28,
137130,16545,7.0,Tm3,Li28,
137320,15909,7.0,Tm3,Li28,
138152,16545,7.0,Tm3,Li28,
143741,15909,7.0,Tm3,Li28,
143802,16545,7.0,Tm3,Li28,
61946,11981,6.0,Tm3,Li28,
62851,16545,6.0,Tm3,Li28,
63021,16033,6.0,Tm3,Li28,
64951,11981,6.0,Tm3,Li28,
66267,16545,6.0,Tm3,Li28,
66808,16033,6.0,Tm3,Li28,
67784,11981,6.0,Tm3,Li28,
68302,16545,6.0,Tm3,Li28,
69441,16545,6.0,Tm3,Li28,
69597,15909,6.0,Tm3,Li28,
69736,11981,6.0,Tm3,Li28,
71061,11981,6.0,Tm3,Li28,
71308,11981,6.0,Tm3,Li28,
71398,15909,6.0,Tm3,Li28,
71398,16545,6.0,Tm3,Li28,
72132,16033,6.0,Tm3,Li28,
72794,11981,6.0,Tm3,Li28,
72839,23047,6.0,Tm3,Li28,
72896,16545,6.0,Tm3,Li28,
72989,16545,6.0,Tm3,Li28,
74044,15909,6.0,Tm3,Li28,
74287,15909,6.0,Tm3,Li28,
74373,16545,6.0,Tm3,Li28,
74501,16545,6.0,Tm3,Li28,
74502,17280,6.0,Tm3,Li28,
74527,16545,6.0,Tm3,Li28,
75381,11981,6.0,Tm3,Li28,
75381,16033,6.0,Tm3,Li28,
75484,15909,6.0,Tm3,Li28,
75712,23047,6.0,Tm3,Li28,
75723,15909,6.0,Tm3,Li28,
75852,16033,6.0,Tm3,Li28,
76259,16545,6.0,Tm3,Li28,
77138,16545,6.0,Tm3,Li28,
77344,11981,6.0,Tm3,Li28,
77344,17280,6.0,Tm3,Li28,
77972,16033,6.0,Tm3,Li28,
78698,15909,6.0,Tm3,Li28,
78911,11981,6.0,Tm3,Li28,
79083,15909,6.0,Tm3,Li28,
79210,16545,6.0,Tm3,Li28,
79257,16545,6.0,Tm3,Li28,
79483,11981,6.0,Tm3,Li28,
79502,16545,6.0,Tm3,Li28,
79646,15909,6.0,Tm3,Li28,
79683,23047,6.0,Tm3,Li28,
79824,15909,6.0,Tm3,Li28,
79824,16545,6.0,Tm3,Li28,
80284,16033,6.0,Tm3,Li28,
80437,16545,6.0,Tm3,Li28,
80437,17280,6.0,Tm3,Li28,
81215,11981,6.0,Tm3,Li28,
81215,17280,6.0,Tm3,Li28,
81287,16545,6.0,Tm3,Li28,
81768,16033,6.0,Tm3,Li28,
81995,16033,6.0,Tm3,Li28,
82065,15909,6.0,Tm3,Li28,
82121,16033,6.0,Tm3,Li28,
82513,16545,6.0,Tm3,Li28,
82513,17280,6.0,Tm3,Li28,
83227,16033,6.0,Tm3,Li28,
83432,16033,6.0,Tm3,Li28,
83556,15909,6.0,Tm3,Li28,
83556,16545,6.0,Tm3,Li28,
83718,16033,6.0,Tm3,Li28,
84038,11981,6.0,Tm3,Li28,
84689,16545,6.0,Tm3,Li28,
84781,11981,6.0,Tm3,Li28,
84800,17280,6.0,Tm3,Li28,
85009,15909,6.0,Tm3,Li28,
85009,16033,6.0,Tm3,Li28,
85440,15909,6.0,Tm3,Li28,
86630,15909,6.0,Tm3,Li28,
86715,11981,6.0,Tm3,Li28,
86720,15909,6.0,Tm3,Li28,
86724,23047,6.0,Tm3,Li28,
86917,16545,6.0,Tm3,Li28,
86972,23047,6.0,Tm3,Li28,
87234,23047,6.0,Tm3,Li28,
87756,15909,6.0,Tm3,Li28,
89110,15909,6.0,Tm3,Li28,
89604,15909,6.0,Tm3,Li28,
92342,16545,6.0,Tm3,Li28,
92744,16545,6.0,Tm3,Li28,
96960,15909,6.0,Tm3,Li28,
97680,16545,6.0,Tm3,Li28,
97888,17280,6.0,Tm3,Li28,
102786,16545,6.0,Tm3,Li28,
103638,15909,6.0,Tm3,Li28,
103638,16545,6.0,Tm3,Li28,
109031,11981,6.0,Tm3,Li28,
109868,16545,6.0,Tm3,Li28,
110693,16545,6.0,Tm3,Li28,
110987,17280,6.0,Tm3,Li28,
111380,16545,6.0,Tm3,Li28,
111416,11981,6.0,Tm3,Li28,
111416,16545,6.0,Tm3,Li28,
111579,11981,6.0,Tm3,Li28,
111579,17280,6.0,Tm3,Li28,
124490,11981,6.0,Tm3,Li28,
125288,15909,6.0,Tm3,Li28,
125288,16033,6.0,Tm3,Li28,
125288,16545,6.0,Tm3,Li28,
127153,16545,6.0,Tm3,Li28,
127686,11981,6.0,Tm3,Li28,
128726,11981,6.0,Tm3,Li28,
128916,11981,6.0,Tm3,Li28,
128916,17280,6.0,Tm3,Li28,
129930,11981,6.0,Tm3,Li28,
129930,16545,6.0,Tm3,Li28,
130280,16545,6.0,Tm3,Li28,
130730,11981,6.0,Tm3,Li28,
131823,15909,6.0,Tm3,Li28,
132339,15909,6.0,Tm3,Li28,
133131,16545,6.0,Tm3,Li28,
134209,17280,6.0,Tm3,Li28,
135612,17280,6.0,Tm3,Li28,
136741,11981,6.0,Tm3,Li28,
139055,16545,6.0,Tm3,Li28,
141724,15909,6.0,Tm3,Li28,
143741,16545,6.0,Tm3,Li28,
148316,16545,6.0,Tm3,Li28,
38502,11981,5.0,Tm3,Li28,
40716,11981,5.0,Tm3,Li28,
56136,17280,5.0,Tm3,Li28,
58945,17280,5.0,Tm3,Li28,
62302,11981,5.0,Tm3,Li28,
62851,11981,5.0,Tm3,Li28,
63021,23047,5.0,Tm3,Li28,
63673,23047,5.0,Tm3,Li28,
64442,16545,5.0,Tm3,Li28,
65925,17280,5.0,Tm3,Li28,
67152,15909,5.0,Tm3,Li28,
67963,16545,5.0,Tm3,Li28,
68264,16545,5.0,Tm3,Li28,
68918,11981,5.0,Tm3,Li28,
69266,23047,5.0,Tm3,Li28,
69536,11981,5.0,Tm3,Li28,
69570,16033,5.0,Tm3,Li28,
70093,11981,5.0,Tm3,Li28,
71061,16545,5.0,Tm3,Li28,
71131,16545,5.0,Tm3,Li28,
71583,15909,5.0,Tm3,Li28,
72194,15909,5.0,Tm3,Li28,
73301,16545,5.0,Tm3,Li28,
73828,16545,5.0,Tm3,Li28,
74159,16545,5.0,Tm3,Li28,
74375,11981,5.0,Tm3,Li28,
74501,11981,5.0,Tm3,Li28,
74502,11981,5.0,Tm3,Li28,
74502,16545,5.0,Tm3,Li28,
74997,11981,5.0,Tm3,Li28,
75381,15909,5.0,Tm3,Li28,
75723,16033,5.0,Tm3,Li28,
75771,17280,5.0,Tm3,Li28,
76003,16545,5.0,Tm3,Li28,
76380,11981,5.0,Tm3,Li28,
76528,16545,5.0,Tm3,Li28,
76733,16033,5.0,Tm3,Li28,
77307,15909,5.0,Tm3,Li28,
77480,15909,5.0,Tm3,Li28,
78422,16033,5.0,Tm3,Li28,
78437,11981,5.0,Tm3,Li28,
78470,15909,5.0,Tm3,Li28,
78605,23047,5.0,Tm3,Li28,
78698,11981,5.0,Tm3,Li28,
78848,16545,5.0,Tm3,Li28,
78968,15909,5.0,Tm3,Li28,
79293,15909,5.0,Tm3,Li28,
79502,15909,5.0,Tm3,Li28,
80086,15909,5.0,Tm3,Li28,
80177,16033,5.0,Tm3,Li28,
80487,16545,5.0,Tm3,Li28,
80989,16033,5.0,Tm3,Li28,
80989,23047,5.0,Tm3,Li28,
81092,17280,5.0,Tm3,Li28,
81313,16033,5.0,Tm3,Li28,
82907,11981,5.0,Tm3,Li28,
83225,16545,5.0,Tm3,Li28,
83227,16545,5.0,Tm3,Li28,
83307,15909,5.0,Tm3,Li28,
83379,16545,5.0,Tm3,Li28,
83875,16545,5.0,Tm3,Li28,
85440,16545,5.0,Tm3,Li28,
85837,16033,5.0,Tm3,Li28,
87328,11981,5.0,Tm3,Li28,
87679,23047,5.0,Tm3,Li28,
91368,23047,5.0,Tm3,Li28,
91781,16545,5.0,Tm3,Li28,
92132,15909,5.0,Tm3,Li28,
93266,15909,5.0,Tm3,Li28,
93736,16545,5.0,Tm3,Li28,
99773,15909,5.0,Tm3,Li28,
101772,16033,5.0,Tm3,Li28,
101961,17280,5.0,Tm3,Li28,
102998,16033,5.0,Tm3,Li28,
105565,16545,5.0,Tm3,Li28,
106912,16545,5.0,Tm3,Li28,
107412,16033,5.0,Tm3,Li28,
109031,16545,5.0,Tm3,Li28,
110910,16545,5.0,Tm3,Li28,
117551,17280,5.0,Tm3,Li28,
118551,17280,5.0,Tm3,Li28,
120016,15909,5.0,Tm3,Li28,
122290,11981,5.0,Tm3,Li28,
122290,16033,5.0,Tm3,Li28,
123490,16545,5.0,Tm3,Li28,
126702,16545,5.0,Tm3,Li28,
126882,16545,5.0,Tm3,Li28,
127170,15909,5.0,Tm3,Li28,
127615,15909,5.0,Tm3,Li28,
127615,16545,5.0,Tm3,Li28,
129235,11981,5.0,Tm3,Li28,
130150,23047,5.0,Tm3,Li28,
130376,16545,5.0,Tm3,Li28,
131329,11981,5.0,Tm3,Li28,
132198,11981,5.0,Tm3,Li28,
132339,16033,5.0,Tm3,Li28,
132624,16545,5.0,Tm3,Li28,
133131,15909,5.0,Tm3,Li28,
133828,16545,5.0,Tm3,Li28,
133965,11981,5.0,Tm3,Li28,
134624,17280,5.0,Tm3,Li28,
140868,17280,5.0,Tm3,Li28,
144124,16545,5.0,Tm3,Li28,
144124,17280,5.0,Tm3,Li28,
154994,16545,5.0,Tm3,Li28,
533688,23047,5.0,Tm3,Li28,
59864,11981,4.0,Tm3,Li28,
63825,11981,4.0,Tm3,Li28,
63825,17280,4.0,Tm3,Li28,
65810,11981,4.0,Tm3,Li28,
66227,16545,4.0,Tm3,Li28,
66325,11981,4.0,Tm3,Li28,
67963,11981,4.0,Tm3,Li28,
68140,16545,4.0,Tm3,Li28,
69546,16545,4.0,Tm3,Li28,
69680,23047,4.0,Tm3,Li28,
69719,11981,4.0,Tm3,Li28,
69961,17280,4.0,Tm3,Li28,
71402,16545,4.0,Tm3,Li28,
71652,23047,4.0,Tm3,Li28,
72005,16033,4.0,Tm3,Li28,
72190,17280,4.0,Tm3,Li28,
72796,17280,4.0,Tm3,Li28,
72989,11981,4.0,Tm3,Li28,
73586,16545,4.0,Tm3,Li28,
74373,15909,4.0,Tm3,Li28,
74375,16033,4.0,Tm3,Li28,
74375,16545,4.0,Tm3,Li28,
74527,11981,4.0,Tm3,Li28,
75027,15909,4.0,Tm3,Li28,
75391,16033,4.0,Tm3,Li28,
75557,16033,4.0,Tm3,Li28,
75712,15909,4.0,Tm3,Li28,
76003,11981,4.0,Tm3,Li28,
77223,11981,4.0,Tm3,Li28,
77223,16545,4.0,Tm3,Li28,
77344,16545,4.0,Tm3,Li28,
77880,11981,4.0,Tm3,Li28,
78422,11981,4.0,Tm3,Li28,
78437,16033,4.0,Tm3,Li28,
78603,16545,4.0,Tm3,Li28,
78848,11981,4.0,Tm3,Li28,
78911,17280,4.0,Tm3,Li28,
79210,16033,4.0,Tm3,Li28,
79257,11981,4.0,Tm3,Li28,
79644,11981,4.0,Tm3,Li28,
79646,16545,4.0,Tm3,Li28,
79936,16033,4.0,Tm3,Li28,
80284,15909,4.0,Tm3,Li28,
80487,15909,4.0,Tm3,Li28,
80911,16545,4.0,Tm3,Li28,
80927,16545,4.0,Tm3,Li28,
81211,16545,4.0,Tm3,Li28,
81215,16545,4.0,Tm3,Li28,
82038,15909,4.0,Tm3,Li28,
82282,16545,4.0,Tm3,Li28,
82498,15909,4.0,Tm3,Li28,
82513,11981,4.0,Tm3,Li28,
82515,16033,4.0,Tm3,Li28,
82699,15909,4.0,Tm3,Li28,
82907,16545,4.0,Tm3,Li28,
83045,16033,4.0,Tm3,Li28,
83682,15909,4.0,Tm3,Li28,
84038,16545,4.0,Tm3,Li28,
84355,15909,4.0,Tm3,Li28,
84355,23047,4.0,Tm3,Li28,
85730,16545,4.0,Tm3,Li28,
85837,16545,4.0,Tm3,Li28,
86419,16545,4.0,Tm3,Li28,
86536,16033,4.0,Tm3,Li28,
86720,16033,4.0,Tm3,Li28,
86720,16545,4.0,Tm3,Li28,
87093,16033,4.0,Tm3,Li28,
87318,11981,4.0,Tm3,Li28,
88035,15909,4.0,Tm3,Li28,
88246,16033,4.0,Tm3,Li28,
88337,15909,4.0,Tm3,Li28,
89367,16545,4.0,Tm3,Li28,
91070,17280,4.0,Tm3,Li28,
91368,15909,4.0,Tm3,Li28,
93100,23047,4.0,Tm3,Li28,
94324,15909,4.0,Tm3,Li28,
95060,16545,4.0,Tm3,Li28,
96353,11981,4.0,Tm3,Li28,
97829,16545,4.0,Tm3,Li28,
103497,11981,4.0,Tm3,Li28,
107184,11981,4.0,Tm3,Li28,
110693,11981,4.0,Tm3,Li28,
110987,16545,4.0,Tm3,Li28,
111078,16545,4.0,Tm3,Li28,
111746,16033,4.0,Tm3,Li28,
112194,16545,4.0,Tm3,Li28,
112563,11981,4.0,Tm3,Li28,
118551,16545,4.0,Tm3,Li28,
120312,11981,4.0,Tm3,Li28,
120992,11981,4.0,Tm3,Li28,
120992,17280,4.0,Tm3,Li28,
123490,11981,4.0,Tm3,Li28,
123514,15909,4.0,Tm3,Li28,
123514,16545,4.0,Tm3,Li28,
126286,15909,4.0,Tm3,Li28,
126286,16033,4.0,Tm3,Li28,
128726,16545,4.0,Tm3,Li28,
128916,16545,4.0,Tm3,Li28,
130150,16033,4.0,Tm3,Li28,
130861,17280,4.0,Tm3,Li28,
132339,16545,4.0,Tm3,Li28,
132624,17280,4.0,Tm3,Li28,
133965,16545,4.0,Tm3,Li28,
134323,15909,4.0,Tm3,Li28,
136741,16545,4.0,Tm3,Li28,
137320,16545,4.0,Tm3,Li28,
137357,17280,4.0,Tm3,Li28,
138152,17280,4.0,Tm3,Li28,
139055,17280,4.0,Tm3,Li28,
147837,15909,4.0,Tm3,Li28,
147837,16545,4.0,Tm3,Li28,
148316,23047,4.0,Tm3,Li28,
151648,17280,4.0,Tm3,Li28,
171349687,16545,4.0,Tm3,Li28,
39088,15909,3.0,Tm3,Li28,
39088,16545,3.0,Tm3,Li28,
57950,16545,3.0,Tm3,Li28,
61500,17280,3.0,Tm3,Li28,
62089,15909,3.0,Tm3,Li28,
64442,11981,3.0,Tm3,Li28,
65742,23047,3.0,Tm3,Li28,
66227,11981,3.0,Tm3,Li28,
66325,16033,3.0,Tm3,Li28,
66808,16545,3.0,Tm3,Li28,
68167,23047,3.0,Tm3,Li28,
69186,11981,3.0,Tm3,Li28,
69961,11981,3.0,Tm3,Li28,
69980,16033,3.0,Tm3,Li28,
70321,11981,3.0,Tm3,Li28,
70321,16545,3.0,Tm3,Li28,
70635,11981,3.0,Tm3,Li28,
70900,11981,3.0,Tm3,Li28,
71583,16033,3.0,Tm3,Li28,
72005,15909,3.0,Tm3,Li28,
72148,16033,3.0,Tm3,Li28,
72190,16545,3.0,Tm3,Li28,
72586,11981,3.0,Tm3,Li28,
73139,16033,3.0,Tm3,Li28,
73301,16033,3.0,Tm3,Li28,
73807,16033,3.0,Tm3,Li28,
74442,23047,3.0,Tm3,Li28,
74527,17280,3.0,Tm3,Li28,
74853,11981,3.0,Tm3,Li28,
74853,16545,3.0,Tm3,Li28,
74853,17280,3.0,Tm3,Li28,
74997,16545,3.0,Tm3,Li28,
75027,11981,3.0,Tm3,Li28,
75343,23047,3.0,Tm3,Li28,
75391,15909,3.0,Tm3,Li28,
75484,16545,3.0,Tm3,Li28,
76038,15909,3.0,Tm3,Li28,
76733,15909,3.0,Tm3,Li28,
77972,15909,3.0,Tm3,Li28,
79083,16033,3.0,Tm3,Li28,
79134,15909,3.0,Tm3,Li28,
79134,16033,3.0,Tm3,Li28,
79210,15909,3.0,Tm3,Li28,
79257,15909,3.0,Tm3,Li28,
79646,16033,3.0,Tm3,Li28,
80487,16033,3.0,Tm3,Li28,
80855,16033,3.0,Tm3,Li28,
81471,16545,3.0,Tm3,Li28,
81733,15909,3.0,Tm3,Li28,
81950,16545,3.0,Tm3,Li28,
83432,11981,3.0,Tm3,Li28,
83682,16545,3.0,Tm3,Li28,
84689,16033,3.0,Tm3,Li28,
84781,16545,3.0,Tm3,Li28,
85440,16033,3.0,Tm3,Li28,
86319,16033,3.0,Tm3,Li28,
86419,11981,3.0,Tm3,Li28,
86419,16033,3.0,Tm3,Li28,
86715,15909,3.0,Tm3,Li28,
86724,16033,3.0,Tm3,Li28,
86793,15909,3.0,Tm3,Li28,
86793,16033,3.0,Tm3,Li28,
87005,11981,3.0,Tm3,Li28,
88951,16545,3.0,Tm3,Li28,
90995,15909,3.0,Tm3,Li28,
96189,16545,3.0,Tm3,Li28,
97680,15909,3.0,Tm3,Li28,
101772,16545,3.0,Tm3,Li28,
102002,11981,3.0,Tm3,Li28,
105565,11981,3.0,Tm3,Li28,
110910,15909,3.0,Tm3,Li28,
111416,15909,3.0,Tm3,Li28,
111579,16545,3.0,Tm3,Li28,
114850,11981,3.0,Tm3,Li28,
115731,11981,3.0,Tm3,Li28,
117748,11981,3.0,Tm3,Li28,
117748,16545,3.0,Tm3,Li28,
118822,11981,3.0,Tm3,Li28,
120231,16545,3.0,Tm3,Li28,
121700,11981,3.0,Tm3,Li28,
126702,15909,3.0,Tm3,Li28,
130280,11981,3.0,Tm3,Li28,
130861,11981,3.0,Tm3,Li28,
133349,16545,3.0,Tm3,Li28,
133950,17280,3.0,Tm3,Li28,
134323,16545,3.0,Tm3,Li28,
134624,16545,3.0,Tm3,Li28,
135189,15909,3.0,Tm3,Li28,
135467,15909,3.0,Tm3,Li28,
137357,15909,3.0,Tm3,Li28,
137694,23047,3.0,Tm3,Li28,
143802,17280,3.0,Tm3,Li28,
151648,16545,3.0,Tm3,Li28,
154994,15909,3.0,Tm3,Li28,
40716,16545,2.0,Tm3,Li28,
58945,11981,2.0,Tm3,Li28,
60643,11981,2.0,Tm3,Li28,
61659,16545,2.0,Tm3,Li28,
65550,11981,2.0,Tm3,Li28,
68264,17280,2.0,Tm3,Li28,
68302,17280,2.0,Tm3,Li28,
69380,16033,2.0,Tm3,Li28,
69723,16033,2.0,Tm3,Li28,
70153,16545,2.0,Tm3,Li28,
70402,16033,2.0,Tm3,Li28,
70632,23047,2.0,Tm3,Li28,
71131,11981,2.0,Tm3,Li28,
71475,16033,2.0,Tm3,Li28,
75391,23047,2.0,Tm3,Li28,
75771,11981,2.0,Tm3,Li28,
76003,17280,2.0,Tm3,Li28,
76343,11981,2.0,Tm3,Li28,
77254,16033,2.0,Tm3,Li28,
77480,16033,2.0,Tm3,Li28,
77920,11981,2.0,Tm3,Li28,
77972,23047,2.0,Tm3,Li28,
77991,16033,2.0,Tm3,Li28,
78151,15909,2.0,Tm3,Li28,
78422,16545,2.0,Tm3,Li28,
78529,11981,2.0,Tm3,Li28,
78605,16033,2.0,Tm3,Li28,
79644,16545,2.0,Tm3,Li28,
79683,15909,2.0,Tm3,Li28,
81211,17280,2.0,Tm3,Li28,
81313,15909,2.0,Tm3,Li28,
81995,11981,2.0,Tm3,Li28,
82976,15909,2.0,Tm3,Li28,
85009,23047,2.0,Tm3,Li28,
85292,16545,2.0,Tm3,Li28,
85937,11981,2.0,Tm3,Li28,
88337,16545,2.0,Tm3,Li28,
89367,15909,2.0,Tm3,Li28,
95232,15909,2.0,Tm3,Li28,
96960,16545,2.0,Tm3,Li28,
97829,16033,2.0,Tm3,Li28,
98410,15909,2.0,Tm3,Li28,
98862,16545,2.0,Tm3,Li28,
102786,11981,2.0,Tm3,Li28,
102786,17280,2.0,Tm3,Li28,
103497,17280,2.0,Tm3,Li28,
105984,16545,2.0,Tm3,Li28,
109593,16545,2.0,Tm3,Li28,
111078,17280,2.0,Tm3,Li28,
111380,17280,2.0,Tm3,Li28,
118924,11981,2.0,Tm3,Li28,
120312,15909,2.0,Tm3,Li28,
121181,15909,2.0,Tm3,Li28,
121700,16545,2.0,Tm3,Li28,
126163,15909,2.0,Tm3,Li28,
126882,11981,2.0,Tm3,Li28,
126882,17280,2.0,Tm3,Li28,
127153,11981,2.0,Tm3,Li28,
127153,15909,2.0,Tm3,Li28,
129930,17280,2.0,Tm3,Li28,
130994,16545,2.0,Tm3,Li28,
132198,16545,2.0,Tm3,Li28,
132834,11981,2.0,Tm3,Li28,
132834,16033,2.0,Tm3,Li28,
132834,16545,2.0,Tm3,Li28,
133349,17280,2.0,Tm3,Li28,
134029,15909,2.0,Tm3,Li28,
134179,15909,2.0,Tm3,Li28,
134209,11981,2.0,Tm3,Li28,
134209,16545,2.0,Tm3,Li28,
134372,15909,2.0,Tm3,Li28,
134799,16545,2.0,Tm3,Li28,
135112,11981,2.0,Tm3,Li28,
135612,16545,2.0,Tm3,Li28,
138496,15909,2.0,Tm3,Li28,
141724,16545,2.0,Tm3,Li28,
532805,16545,2.0,Tm3,Li28,
532850,16033,2.0,Tm3,Li28,
57950,11981,1.0,Tm3,Li28,
61659,15909,1.0,Tm3,Li28,
64849,23047,1.0,Tm3,Li28,
67784,16545,1.0,Tm3,Li28,
73586,15909,1.0,Tm3,Li28,
74501,17280,1.0,Tm3,Li28,
77991,16545,1.0,Tm3,Li28,
78728,16545,1.0,Tm3,Li28,
78848,15909,1.0,Tm3,Li28,
80086,16033,1.0,Tm3,Li28,
81092,15909,1.0,Tm3,Li28,
81211,11981,1.0,Tm3,Li28,
82338,16545,1.0,Tm3,Li28,
83556,16033,1.0,Tm3,Li28,
84364,15909,1.0,Tm3,Li28,
88035,16545,1.0,Tm3,Li28,
92886,15909,1.0,Tm3,Li28,
92886,17280,1.0,Tm3,Li28,
93266,16545,1.0,Tm3,Li28,
99606,16545,1.0,Tm3,Li28,
101962,15909,1.0,Tm3,Li28,
112543,11981,1.0,Tm3,Li28,
135112,17280,1.0,Tm3,Li28,
136741,15909,1.0,Tm3,Li28,
17280,17364,-87.0,Li28,LC4,
11981,17987,-86.0,Li28,LC4,
17280,16628,-85.0,Li28,LC4,
11981,17054,-68.0,Li28,LC4,
11981,19550,-68.0,Li28,LC4,
16033,20588,-65.0,Li28,LC4,
17280,16128,-64.0,Li28,LC4,
15019,18478,-60.0,Li28,LC4,
11981,19794,-59.0,Li28,LC4,
19292,12349,-58.0,Li28,LC4,
15019,17478,-56.0,Li28,LC4,
11981,17548,-51.0,Li28,LC4,
23047,30803,-51.0,Li28,LC4,
16033,23929,-50.0,Li28,LC4,
23047,30480,-50.0,Li28,LC4,
15019,533129,-48.0,Li28,LC4,
16033,19543,-48.0,Li28,LC4,
17280,17668,-48.0,Li28,LC4,
15909,22328,-47.0,Li28,LC4,
11981,20282,-46.0,Li28,LC4,
11981,18189,-45.0,Li28,LC4,
16033,22194,-45.0,Li28,LC4,
16545,20399,-45.0,Li28,LC4,
11981,16128,-44.0,Li28,LC4,
15019,524899,-44.0,Li28,LC4,
14209,29469,-43.0,Li28,LC4,
17280,21151,-43.0,Li28,LC4,
16545,19260,-42.0,Li28,LC4,
15019,20859,-41.0,Li28,LC4,
17280,17266,-41.0,Li28,LC4,
15909,20673,-40.0,Li28,LC4,
16545,19634,-40.0,Li28,LC4,
16545,20016,-40.0,Li28,LC4,
11981,21225,-39.0,Li28,LC4,
14209,37587,-39.0,Li28,LC4,
15019,12032,-39.0,Li28,LC4,
16545,18127,-39.0,Li28,LC4,
16545,21165,-38.0,Li28,LC4,
15909,20808,-37.0,Li28,LC4,
15909,23792,-37.0,Li28,LC4,
15909,24338,-37.0,Li28,LC4,
16033,24338,-37.0,Li28,LC4,
11981,17926,-36.0,Li28,LC4,
14209,31301,-36.0,Li28,LC4,
16033,22975,-36.0,Li28,LC4,
16033,31262,-36.0,Li28,LC4,
16033,20282,-35.0,Li28,LC4,
15263,526286,-34.0,Li28,LC4,
15909,29563,-34.0,Li28,LC4,
16545,20542,-34.0,Li28,LC4,
17596,27624,-34.0,Li28,LC4,
20264,518439,-34.0,Li28,LC4,
11981,20917,-33.0,Li28,LC4,
14209,34845,-33.0,Li28,LC4,
15909,16138,-33.0,Li28,LC4,
16545,23098,-33.0,Li28,LC4,
11981,21804,-32.0,Li28,LC4,
15019,17653,-32.0,Li28,LC4,
15019,516909,-32.0,Li28,LC4,
16033,22966,-32.0,Li28,LC4,
17280,19420,-32.0,Li28,LC4,
19292,512366,-32.0,Li28,LC4,
20264,18396,-32.0,Li28,LC4,
14209,18432,-31.0,Li28,LC4,
14209,27750,-31.0,Li28,LC4,
17280,17926,-31.0,Li28,LC4,
17596,17608,-31.0,Li28,LC4,
23047,22847,-31.0,Li28,LC4,
11981,19954,-30.0,Li28,LC4,
16596,28980,-30.0,Li28,LC4,
19292,17340,-30.0,Li28,LC4,
19292,81112,-30.0,Li28,LC4,
11981,23098,-29.0,Li28,LC4,
15019,22772,-29.0,Li28,LC4,
15263,518730,-29.0,Li28,LC4,
16545,19420,-29.0,Li28,LC4,
15019,21721,-28.0,Li28,LC4,
15263,511914,-28.0,Li28,LC4,
15909,23392,-28.0,Li28,LC4,
15909,38065,-28.0,Li28,LC4,
16545,21287,-28.0,Li28,LC4,
16545,23392,-28.0,Li28,LC4,
23047,22966,-28.0,Li28,LC4,
15263,27829,-27.0,Li28,LC4,
15263,33137,-27.0,Li28,LC4,
15263,518983,-27.0,Li28,LC4,
15909,22034,-27.0,Li28,LC4,
16596,518439,-27.0,Li28,LC4,
20264,15018,-27.0,Li28,LC4,
15019,20440,-26.0,Li28,LC4,
15263,24523,-26.0,Li28,LC4,
16596,515476,-26.0,Li28,LC4,
19292,77614,-26.0,Li28,LC4,
15263,20572,-25.0,Li28,LC4,
15263,22922,-25.0,Li28,LC4,
15909,20399,-25.0,Li28,LC4,
16596,514508,-25.0,Li28,LC4,
16596,519931,-25.0,Li28,LC4,
20264,16917,-25.0,Li28,LC4,
11981,16628,-24.0,Li28,LC4,
11981,18127,-24.0,Li28,LC4,
15909,21165,-24.0,Li28,LC4,
16033,20917,-24.0,Li28,LC4,
16033,21804,-24.0,Li28,LC4,
16545,23792,-24.0,Li28,LC4,
16596,20440,-24.0,Li28,LC4,
16596,517752,-24.0,Li28,LC4,
17280,17860,-24.0,Li28,LC4,
23047,28945,-24.0,Li28,LC4,
14209,35262,-23.0,Li28,LC4,
15263,12824,-23.0,Li28,LC4,
15263,23202,-23.0,Li28,LC4,
15909,21336,-23.0,Li28,LC4,
16596,21721,-23.0,Li28,LC4,
23047,527408,-23.0,Li28,LC4,
11981,21313,-22.0,Li28,LC4,
15019,532254,-22.0,Li28,LC4,
15263,20976,-22.0,Li28,LC4,
15263,518016,-22.0,Li28,LC4,
16033,20808,-22.0,Li28,LC4,
16033,21336,-22.0,Li28,LC4,
16545,21225,-22.0,Li28,LC4,
17280,19260,-22.0,Li28,LC4,
19292,518730,-22.0,Li28,LC4,
20264,514956,-22.0,Li28,LC4,
23047,29563,-22.0,Li28,LC4,
11981,19543,-21.0,Li28,LC4,
14209,31429,-21.0,Li28,LC4,
15019,20572,-21.0,Li28,LC4,
15019,28980,-21.0,Li28,LC4,
17596,16809,-21.0,Li28,LC4,
23047,38065,-21.0,Li28,LC4,
14209,111787,-20.0,Li28,LC4,
15909,22194,-20.0,Li28,LC4,
16545,17860,-20.0,Li28,LC4,
16596,23226,-20.0,Li28,LC4,
16596,32597,-20.0,Li28,LC4,
17280,18127,-20.0,Li28,LC4,
17596,37587,-20.0,Li28,LC4,
17596,530029,-20.0,Li28,LC4,
19292,518983,-20.0,Li28,LC4,
20264,29514,-20.0,Li28,LC4,
20264,515476,-20.0,Li28,LC4,
23047,23792,-20.0,Li28,LC4,
23047,26112,-20.0,Li28,LC4,
11981,20588,-19.0,Li28,LC4,
15019,20976,-19.0,Li28,LC4,
15019,22922,-19.0,Li28,LC4,
15909,20542,-19.0,Li28,LC4,
15909,28945,-19.0,Li28,LC4,
16033,22328,-19.0,Li28,LC4,
16545,17926,-19.0,Li28,LC4,
16545,21151,-19.0,Li28,LC4,
16596,518544,-19.0,Li28,LC4,
19292,511914,-19.0,Li28,LC4,
20264,29469,-19.0,Li28,LC4,
20264,30087,-19.0,Li28,LC4,
20264,32597,-19.0,Li28,LC4,
20264,107513,-19.0,Li28,LC4,
23047,22975,-19.0,Li28,LC4,
15263,17270,-18.0,Li28,LC4,
15263,35616,-18.0,Li28,LC4,
15263,516909,-18.0,Li28,LC4,
15909,21313,-18.0,Li28,LC4,
16545,16138,-18.0,Li28,LC4,
16545,17266,-18.0,Li28,LC4,
16545,17668,-18.0,Li28,LC4,
17596,512366,-18.0,Li28,LC4,
19292,27624,-18.0,Li28,LC4,
20264,530029,-18.0,Li28,LC4,
11981,25584,-17.0,Li28,LC4,
14209,16809,-17.0,Li28,LC4,
14209,29417,-17.0,Li28,LC4,
14209,30087,-17.0,Li28,LC4,
16033,25584,-17.0,Li28,LC4,
16596,29514,-17.0,Li28,LC4,
16596,100485,-17.0,Li28,LC4,
17280,17548,-17.0,Li28,LC4,
17280,19634,-17.0,Li28,LC4,
17596,34845,-17.0,Li28,LC4,
17596,514956,-17.0,Li28,LC4,
19292,33137,-17.0,Li28,LC4,
11981,17668,-16.0,Li28,LC4,
14209,518016,-16.0,Li28,LC4,
15263,512705,-16.0,Li28,LC4,
16033,29563,-16.0,Li28,LC4,
16596,31308,-16.0,Li28,LC4,
16596,532254,-16.0,Li28,LC4,
19292,27829,-16.0,Li28,LC4,
20264,35262,-16.0,Li28,LC4,
20264,517752,-16.0,Li28,LC4,
20264,532254,-16.0,Li28,LC4,
14209,27624,-15.0,Li28,LC4,
14209,517752,-15.0,Li28,LC4,
14209,530029,-15.0,Li28,LC4,
15019,514508,-15.0,Li28,LC4,
15263,22772,-15.0,Li28,LC4,
15263,519650,-15.0,Li28,LC4,
15263,524899,-15.0,Li28,LC4,
15909,22975,-15.0,Li28,LC4,
16033,527408,-15.0,Li28,LC4,
16545,19954,-15.0,Li28,LC4,
16545,20673,-15.0,Li28,LC4,
17596,27750,-15.0,Li28,LC4,
20264,100485,-15.0,Li28,LC4,
14209,23226,-14.0,Li28,LC4,
14209,77614,-14.0,Li28,LC4,
15019,519931,-14.0,Li28,LC4,
15263,20967,-14.0,Li28,LC4,
15263,31429,-14.0,Li28,LC4,
15909,30803,-14.0,Li28,LC4,
15909,527408,-14.0,Li28,LC4,
16545,18189,-14.0,Li28,LC4,
16545,22847,-14.0,Li28,LC4,
16545,26112,-14.0,Li28,LC4,
16596,519650,-14.0,Li28,LC4,
17280,20016,-14.0,Li28,LC4,
17596,15018,-14.0,Li28,LC4,
20264,23226,-14.0,Li28,LC4,
23047,21287,-14.0,Li28,LC4,
11981,19260,-13.0,Li28,LC4,
15019,20967,-13.0,Li28,LC4,
15019,31308,-13.0,Li28,LC4,
15019,519650,-13.0,Li28,LC4,
15263,17340,-13.0,Li28,LC4,
15263,18432,-13.0,Li28,LC4,
15909,25584,-13.0,Li28,LC4,
16033,16138,-13.0,Li28,LC4,
16596,12032,-13.0,Li28,LC4,
16596,535341,-13.0,Li28,LC4,
17280,17054,-13.0,Li28,LC4,
17596,77614,-13.0,Li28,LC4,
17596,518439,-13.0,Li28,LC4,
19292,31429,-13.0,Li28,LC4,
11981,31262,-12.0,Li28,LC4,
14209,17608,-12.0,Li28,LC4,
14209,535341,-12.0,Li28,LC4,
15019,14888,-12.0,Li28,LC4,
15263,77614,-12.0,Li28,LC4,
15909,26112,-12.0,Li28,LC4,
16033,18189,-12.0,Li28,LC4,
16033,21313,-12.0,Li28,LC4,
16545,21313,-12.0,Li28,LC4,
16596,16917,-12.0,Li28,LC4,
16596,512705,-12.0,Li28,LC4,
17596,18396,-12.0,Li28,LC4,
17596,107513,-12.0,Li28,LC4,
20264,27750,-12.0,Li28,LC4,
20264,28980,-12.0,Li28,LC4,
20264,514508,-12.0,Li28,LC4,
23047,22034,-12.0,Li28,LC4,
14209,31308,-11.0,Li28,LC4,
15263,18478,-11.0,Li28,LC4,
15263,111787,-11.0,Li28,LC4,
16545,17364,-11.0,Li28,LC4,
17280,22847,-11.0,Li28,LC4,
19292,526286,-11.0,Li28,LC4,
20264,535341,-11.0,Li28,LC4,
14209,27829,-10.0,Li28,LC4,
15263,518544,-10.0,Li28,LC4,
15263,520449,-10.0,Li28,LC4,
15909,19543,-10.0,Li28,LC4,
15909,22847,-10.0,Li28,LC4,
16033,19794,-10.0,Li28,LC4,
16033,19954,-10.0,Li28,LC4,
16596,107513,-10.0,Li28,LC4,
19292,24523,-10.0,Li28,LC4,
20264,29417,-10.0,Li28,LC4,
23047,17266,-10.0,Li28,LC4,
14209,16917,-9.0,Li28,LC4,
14209,512705,-9.0,Li28,LC4,
14209,518730,-9.0,Li28,LC4,
15019,12824,-9.0,Li28,LC4,
15909,19260,-9.0,Li28,LC4,
15909,21287,-9.0,Li28,LC4,
15909,30480,-9.0,Li28,LC4,
16033,38065,-9.0,Li28,LC4,
16596,22922,-9.0,Li28,LC4,
17280,23098,-9.0,Li28,LC4,
17596,12349,-9.0,Li28,LC4,
17596,31301,-9.0,Li28,LC4,
19292,16809,-9.0,Li28,LC4,
19292,17270,-9.0,Li28,LC4,
19292,515900,-9.0,Li28,LC4,
20264,111787,-9.0,Li28,LC4,
23047,17860,-9.0,Li28,LC4,
23047,24338,-9.0,Li28,LC4,
11981,23392,-8.0,Li28,LC4,
14209,29514,-8.0,Li28,LC4,
14209,100485,-8.0,Li28,LC4,
15263,20440,-8.0,Li28,LC4,
15909,19634,-8.0,Li28,LC4,
16033,20542,-8.0,Li28,LC4,
16033,30803,-8.0,Li28,LC4,
16596,111787,-8.0,Li28,LC4,
20264,31301,-8.0,Li28,LC4,
15263,20859,-7.0,Li28,LC4,
15263,31301,-7.0,Li28,LC4,
15909,19954,-7.0,Li28,LC4,
15909,20588,-7.0,Li28,LC4,
15909,22966,-7.0,Li28,LC4,
15909,23098,-7.0,Li28,LC4,
16033,20673,-7.0,Li28,LC4,
16033,22034,-7.0,Li28,LC4,
16033,23392,-7.0,Li28,LC4,
16545,16628,-7.0,Li28,LC4,
16545,22034,-7.0,Li28,LC4,
16596,30087,-7.0,Li28,LC4,
16596,518016,-7.0,Li28,LC4,
17596,29417,-7.0,Li28,LC4,
14209,512366,-6.0,Li28,LC4,
15019,515900,-6.0,Li28,LC4,
15263,12349,-6.0,Li28,LC4,
15263,14888,-6.0,Li28,LC4,
15263,21721,-6.0,Li28,LC4,
15263,533129,-6.0,Li28,LC4,
15263,535341,-6.0,Li28,LC4,
16545,21336,-6.0,Li28,LC4,
16596,35262,-6.0,Li28,LC4,
16596,35616,-6.0,Li28,LC4,
17596,16917,-6.0,Li28,LC4,
17596,29514,-6.0,Li28,LC4,
17596,32597,-6.0,Li28,LC4,
19292,34845,-6.0,Li28,LC4,
19292,520449,-6.0,Li28,LC4,
20264,12032,-6.0,Li28,LC4,
20264,17608,-6.0,Li28,LC4,
20264,21721,-6.0,Li28,LC4,
11981,19420,-5.0,Li28,LC4,
11981,20542,-5.0,Li28,LC4,
11981,21336,-5.0,Li28,LC4,
14209,12349,-5.0,Li28,LC4,
14209,17270,-5.0,Li28,LC4,
14209,107513,-5.0,Li28,LC4,
14209,515476,-5.0,Li28,LC4,
14209,518544,-5.0,Li28,LC4,
15019,518544,-5.0,Li28,LC4,
15263,28980,-5.0,Li28,LC4,
15263,515900,-5.0,Li28,LC4,
15909,17860,-5.0,Li28,LC4,
16545,17548,-5.0,Li28,LC4,
16545,22328,-5.0,Li28,LC4,
16545,30480,-5.0,Li28,LC4,
16596,15018,-5.0,Li28,LC4,
16596,17270,-5.0,Li28,LC4,
16596,18396,-5.0,Li28,LC4,
16596,22772,-5.0,Li28,LC4,
16596,514956,-5.0,Li28,LC4,
19292,12824,-5.0,Li28,LC4,
19292,512705,-5.0,Li28,LC4,
19292,518016,-5.0,Li28,LC4,
14209,33137,-4.0,Li28,LC4,
14209,35616,-4.0,Li28,LC4,
14209,514956,-4.0,Li28,LC4,
15019,32597,-4.0,Li28,LC4,
15019,520449,-4.0,Li28,LC4,
15263,31308,-4.0,Li28,LC4,
15263,519931,-4.0,Li28,LC4,
15263,532254,-4.0,Li28,LC4,
15909,19420,-4.0,Li28,LC4,
15909,20016,-4.0,Li28,LC4,
15909,23929,-4.0,Li28,LC4,
16033,20399,-4.0,Li28,LC4,
16545,20808,-4.0,Li28,LC4,
16596,20976,-4.0,Li28,LC4,
16596,29469,-4.0,Li28,LC4,
16596,524899,-4.0,Li28,LC4,
17280,20542,-4.0,Li28,LC4,
17280,21287,-4.0,Li28,LC4,
17596,29469,-4.0,Li28,LC4,
17596,515476,-4.0,Li28,LC4,
17596,532254,-4.0,Li28,LC4,
19292,18432,-4.0,Li28,LC4,
19292,31301,-4.0,Li28,LC4,
20264,518544,-4.0,Li28,LC4,
23047,22194,-4.0,Li28,LC4,
23047,23929,-4.0,Li28,LC4,
11981,22194,-3.0,Li28,LC4,
14209,28980,-3.0,Li28,LC4,
15019,23202,-3.0,Li28,LC4,
15019,515476,-3.0,Li28,LC4,
15263,12032,-3.0,Li28,LC4,
15263,17478,-3.0,Li28,LC4,
15263,29469,-3.0,Li28,LC4,
16033,23792,-3.0,Li28,LC4,
16596,526286,-3.0,Li28,LC4,
17596,31429,-3.0,Li28,LC4,
19292,23202,-3.0,Li28,LC4,
19292,37587,-3.0,Li28,LC4,
20264,20440,-3.0,Li28,LC4,
20264,512705,-3.0,Li28,LC4,
23047,20808,-3.0,Li28,LC4,
23047,21165,-3.0,Li28,LC4,
11981,16138,-2.0,Li28,LC4,
11981,19634,-2.0,Li28,LC4,
15019,35616,-2.0,Li28,LC4,
15019,517752,-2.0,Li28,LC4,
15263,17653,-2.0,Li28,LC4,
15263,34845,-2.0,Li28,LC4,
15263,35262,-2.0,Li28,LC4,
16033,19550,-2.0,Li28,LC4,
16545,16128,-2.0,Li28,LC4,
16545,28945,-2.0,Li28,LC4,
16596,18432,-2.0,Li28,LC4,
16596,27829,-2.0,Li28,LC4,
17280,21225,-2.0,Li28,LC4,
17280,23392,-2.0,Li28,LC4,
17596,30087,-2.0,Li28,LC4,
17596,100485,-2.0,Li28,LC4,
19292,35616,-2.0,Li28,LC4,
20264,18432,-2.0,Li28,LC4,
20264,34845,-2.0,Li28,LC4,
20264,519931,-2.0,Li28,LC4,
23047,20016,-2.0,Li28,LC4,
23047,20673,-2.0,Li28,LC4,
23047,22328,-2.0,Li28,LC4,
11981,23929,-1.0,Li28,LC4,
14209,519931,-1.0,Li28,LC4,
15019,17270,-1.0,Li28,LC4,
15019,23226,-1.0,Li28,LC4,
15019,24523,-1.0,Li28,LC4,
15019,100485,-1.0,Li28,LC4,
15019,535341,-1.0,Li28,LC4,
15263,30087,-1.0,Li28,LC4,
15263,81112,-1.0,Li28,LC4,
15263,100485,-1.0,Li28,LC4,
15263,514508,-1.0,Li28,LC4,
15909,18127,-1.0,Li28,LC4,
16033,21225,-1.0,Li28,LC4,
16033,28945,-1.0,Li28,LC4,
16033,30480,-1.0,Li28,LC4,
16545,19550,-1.0,Li28,LC4,
16545,24338,-1.0,Li28,LC4,
16545,25584,-1.0,Li28,LC4,
16596,29417,-1.0,Li28,LC4,
17280,21165,-1.0,Li28,LC4,
17280,26112,-1.0,Li28,LC4,
17596,18432,-1.0,Li28,LC4,
17596,514508,-1.0,Li28,LC4,
19292,14888,-1.0,Li28,LC4,
20264,31308,-1.0,Li28,LC4,
20264,37587,-1.0,Li28,LC4,
23047,31262,-1.0,Li28,LC4,
