bodyId,hex1,hex2
17871,29.0,18.0
20135,32.0,18.0
23606,25.0,13.0
27788,26.0,14.0
30997,20.0,14.0
31492,23.0,15.0
31848,20.0,15.0
32003,10.0,9.0
32345,10.0,13.0
32535,16.0,14.0
32725,14.0,5.0
32800,20.0,9.0
32871,14.0,8.0
32893,17.0,17.0
33013,14.0,9.0
33017,18.0,14.0
33091,19.0,13.0
33110,23.0,14.0
33216,21.0,15.0
33326,20.0,12.0
33394,27.0,17.0
33446,19.0,17.0
33462,19.0,21.0
33483,18.0,9.0
33614,21.0,12.0
33655,16.0,18.0
33711,23.0,10.0
33740,21.0,9.0
33765,11.0,10.0
33766,26.0,16.0
33857,14.0,6.0
33907,19.0,19.0
33918,21.0,11.0
33930,20.0,10.0
33942,16.0,17.0
34045,21.0,19.0
34057,17.0,20.0
34079,14.0,18.0
34142,21.0,14.0
34171,17.0,14.0
34189,19.0,18.0
34234,21.0,10.0
34272,20.0,11.0
34296,18.0,15.0
34300,19.0,16.0
34329,18.0,10.0
34356,16.0,20.0
34369,18.0,23.0
34404,17.0,12.0
34419,22.0,10.0
34447,23.0,11.0
34463,23.0,18.0
34479,17.0,18.0
34515,32.0,34.0
34606,18.0,11.0
34626,15.0,14.0
34658,23.0,12.0
34718,13.0,9.0
34739,17.0,7.0
34741,28.0,15.0
34759,15.0,7.0
34849,18.0,21.0
34862,17.0,23.0
34867,22.0,16.0
34898,28.0,18.0
34899,22.0,18.0
34926,12.0,6.0
34933,20.0,23.0
34938,24.0,16.0
34957,16.0,8.0
34965,14.0,7.0
34977,17.0,10.0
35001,16.0,15.0
35017,17.0,22.0
35045,12.0,17.0
35100,20.0,16.0
35113,17.0,11.0
35152,16.0,16.0
35161,18.0,7.0
35167,13.0,6.0
35173,25.0,17.0
35218,22.0,21.0
35234,19.0,15.0
35235,20.0,13.0
35260,19.0,11.0
35290,12.0,13.0
35296,13.0,10.0
35301,11.0,12.0
35306,11.0,5.0
35405,19.0,20.0
35416,22.0,14.0
35428,17.0,16.0
35447,14.0,16.0
35498,17.0,21.0
35512,25.0,16.0
35551,30.0,19.0
35572,12.0,28.0
35580,22.0,19.0
35602,17.0,24.0
35665,13.0,7.0
35678,12.0,10.0
35683,24.0,13.0
35708,27.0,15.0
35712,17.0,25.0
35724,24.0,15.0
35734,26.0,18.0
35770,16.0,19.0
35774,13.0,18.0
35777,22.0,11.0
35806,22.0,17.0
35836,20.0,19.0
35837,28.0,17.0
35840,16.0,21.0
35841,11.0,7.0
35845,21.0,17.0
35848,11.0,9.0
35882,17.0,8.0
35885,19.0,8.0
35888,21.0,16.0
35890,18.0,13.0
35897,13.0,21.0
35910,16.0,7.0
35928,15.0,8.0
35934,23.0,21.0
35957,15.0,9.0
35990,15.0,4.0
36126,19.0,9.0
36139,13.0,22.0
36158,13.0,26.0
36177,23.0,20.0
36208,17.0,5.0
36217,16.0,23.0
36222,22.0,9.0
36252,18.0,19.0
36275,13.0,25.0
36305,23.0,17.0
36312,16.0,9.0
36346,25.0,21.0
36369,18.0,29.0
36410,15.0,17.0
36446,21.0,18.0
36452,16.0,24.0
36457,15.0,10.0
36465,8.0,13.0
36474,13.0,11.0
36484,23.0,29.0
36533,21.0,22.0
36540,20.0,22.0
36626,13.0,8.0
36646,25.0,20.0
36660,15.0,13.0
36682,12.0,8.0
36684,14.0,27.0
36695,27.0,16.0
36799,13.0,5.0
36814,17.0,9.0
36858,21.0,8.0
36881,14.0,13.0
36911,14.0,23.0
36954,15.0,22.0
36974,11.0,11.0
36990,13.0,13.0
36994,19.0,24.0
37000,20.0,20.0
37012,28.0,16.0
37019,15.0,21.0
37037,23.0,19.0
37044,24.0,14.0
37063,24.0,29.0
37084,15.0,29.0
37088,18.0,12.0
37095,20.0,8.0
37108,15.0,11.0
37113,16.0,13.0
37123,24.0,20.0
37127,16.0,6.0
37138,22.0,13.0
37208,19.0,7.0
37224,12.0,14.0
37243,24.0,17.0
37244,12.0,7.0
37270,15.0,16.0
37294,17.0,13.0
37353,13.0,20.0
37368,9.0,14.0
37371,15.0,24.0
37390,14.0,11.0
37391,14.0,26.0
37438,23.0,13.0
37470,30.0,34.0
37507,15.0,6.0
37509,12.0,26.0
37529,14.0,17.0
37541,29.0,20.0
37555,16.0,12.0
37568,22.0,22.0
37585,24.0,12.0
37599,18.0,24.0
37610,12.0,9.0
37631,14.0,20.0
37677,13.0,28.0
37680,24.0,26.0
37687,10.0,11.0
37699,13.0,19.0
37730,10.0,7.0
37756,26.0,15.0
37818,10.0,8.0
37839,13.0,15.0
37853,21.0,24.0
37927,13.0,27.0
37935,29.0,19.0
37948,18.0,17.0
37969,29.0,21.0
37993,29.0,17.0
38133,18.0,25.0
38144,10.0,12.0
38147,13.0,4.0
38153,29.0,34.0
38177,16.0,5.0
38178,14.0,14.0
38198,24.0,10.0
38208,24.0,18.0
38227,15.0,27.0
38230,12.0,20.0
38238,15.0,23.0
38241,12.0,18.0
38252,24.0,30.0
38286,16.0,10.0
38303,26.0,13.0
38421,26.0,20.0
38455,25.0,15.0
38461,12.0,27.0
38477,11.0,14.0
38479,15.0,19.0
38482,9.0,10.0
38487,11.0,13.0
38514,13.0,17.0
38519,19.0,10.0
38529,16.0,26.0
38561,31.0,23.0
38582,26.0,29.0
38596,12.0,12.0
38620,24.0,11.0
38632,16.0,11.0
38648,13.0,14.0
38682,18.0,8.0
38687,27.0,18.0
38708,14.0,28.0
38710,15.0,12.0
38711,17.0,6.0
38721,15.0,26.0
38748,27.0,22.0
38752,25.0,11.0
38767,15.0,20.0
38768,12.0,16.0
38769,9.0,8.0
38772,13.0,12.0
38791,14.0,15.0
38792,11.0,8.0
38851,9.0,12.0
38857,24.0,25.0
38877,28.0,36.0
38893,14.0,19.0
38987,11.0,20.0
38993,15.0,15.0
39067,14.0,24.0
39126,10.0,5.0
39141,11.0,28.0
39158,21.0,21.0
39164,14.0,12.0
39212,26.0,30.0
39273,12.0,29.0
39274,18.0,6.0
39275,14.0,22.0
39295,19.0,6.0
39312,32.0,28.0
39332,9.0,13.0
39389,8.0,10.0
39394,8.0,15.0
39401,31.0,34.0
39405,24.0,22.0
39438,16.0,27.0
39500,26.0,23.0
39505,20.0,26.0
39525,11.0,15.0
39595,27.0,24.0
39629,17.0,26.0
39630,15.0,5.0
39644,9.0,7.0
39651,18.0,27.0
39662,8.0,14.0
39688,14.0,29.0
39716,26.0,24.0
39718,23.0,24.0
39727,12.0,25.0
39743,14.0,21.0
39791,10.0,26.0
39838,30.0,33.0
39858,16.0,29.0
39870,17.0,30.0
39935,31.0,33.0
39959,31.0,30.0
39961,29.0,35.0
39964,28.0,24.0
40054,27.0,14.0
40057,30.0,23.0
40085,12.0,19.0
40106,27.0,23.0
40109,30.0,20.0
40171,12.0,21.0
40219,19.0,27.0
40235,11.0,25.0
40256,12.0,22.0
40344,12.0,11.0
40351,30.0,32.0
40400,21.0,28.0
40411,26.0,21.0
40417,7.0,11.0
40426,23.0,23.0
40441,28.0,34.0
40474,28.0,33.0
40505,22.0,28.0
40545,14.0,10.0
40577,27.0,21.0
40596,16.0,25.0
40627,33.0,31.0
40635,24.0,24.0
40646,28.0,35.0
40654,9.0,6.0
40703,14.0,25.0
40758,8.0,9.0
40795,10.0,25.0
40832,19.0,26.0
40854,19.0,25.0
40858,14.0,31.0
40867,26.0,34.0
40897,31.0,35.0
40908,16.0,32.0
40913,7.0,10.0
40922,18.0,32.0
40936,12.0,15.0
40944,21.0,25.0
40958,18.0,30.0
41001,29.0,22.0
41015,23.0,9.0
41037,9.0,9.0
41069,19.0,31.0
41075,30.0,24.0
41120,24.0,21.0
41136,10.0,24.0
41145,17.0,32.0
41206,18.0,31.0
41211,8.0,12.0
41264,12.0,3.0
41284,12.0,4.0
41296,15.0,25.0
41315,11.0,6.0
41344,27.0,30.0
41398,28.0,22.0
41399,11.0,26.0
41418,9.0,4.0
41434,31.0,29.0
41435,25.0,22.0
41475,27.0,36.0
41479,14.0,30.0
41486,30.0,29.0
41492,16.0,4.0
41508,15.0,30.0
41522,21.0,27.0
41536,23.0,27.0
41537,25.0,30.0
41545,20.0,25.0
41568,29.0,24.0
41577,13.0,30.0
41613,17.0,28.0
41626,23.0,22.0
41637,24.0,27.0
41654,11.0,19.0
41659,23.0,25.0
41668,19.0,14.0
41696,25.0,29.0
41709,10.0,20.0
41718,11.0,4.0
41804,19.0,28.0
41809,19.0,23.0
41947,8.0,11.0
41948,31.0,19.0
41950,12.0,24.0
42015,23.0,31.0
42048,25.0,24.0
42052,21.0,30.0
42057,32.0,20.0
42070,20.0,31.0
42119,18.0,22.0
42166,22.0,34.0
42186,29.0,31.0
42219,14.0,4.0
42223,12.0,5.0
42331,8.0,8.0
42340,25.0,35.0
42380,24.0,31.0
42410,23.0,35.0
42476,23.0,34.0
42519,32.0,29.0
42521,25.0,31.0
42534,25.0,32.0
42594,12.0,23.0
42628,26.0,35.0
42675,21.0,26.0
42676,31.0,28.0
42691,11.0,21.0
42693,20.0,32.0
42714,16.0,30.0
42758,11.0,23.0
42763,9.0,11.0
42827,33.0,30.0
42856,25.0,25.0
42871,23.0,33.0
42872,11.0,24.0
42895,11.0,22.0
42909,10.0,6.0
42942,10.0,14.0
43016,22.0,30.0
43045,21.0,33.0
43063,11.0,27.0
43073,32.0,32.0
43086,22.0,33.0
43099,31.0,31.0
43100,8.0,7.0
43142,20.0,33.0
43146,29.0,25.0
43178,32.0,33.0
43221,15.0,31.0
43256,23.0,30.0
43275,28.0,25.0
43323,26.0,22.0
43355,29.0,23.0
43373,32.0,31.0
43410,29.0,26.0
43414,18.0,28.0
43421,28.0,29.0
43446,16.0,31.0
43485,9.0,16.0
43493,31.0,32.0
43516,26.0,32.0
43522,33.0,23.0
43551,30.0,25.0
43582,32.0,21.0
43608,15.0,3.0
43615,22.0,29.0
43689,10.0,22.0
43705,9.0,26.0
43738,25.0,33.0
43778,8.0,16.0
43783,15.0,28.0
43872,9.0,24.0
43902,27.0,34.0
43905,27.0,32.0
43965,9.0,21.0
43969,9.0,3.0
43972,7.0,9.0
43978,17.0,27.0
44022,24.0,33.0
44029,10.0,4.0
44119,13.0,23.0
44150,6.0,9.0
44169,29.0,27.0
44192,28.0,30.0
44222,10.0,23.0
44279,32.0,25.0
44282,10.0,17.0
44310,29.0,28.0
44332,26.0,31.0
44342,18.0,5.0
44350,24.0,35.0
44376,28.0,32.0
44438,20.0,29.0
44471,30.0,30.0
44503,32.0,23.0
44527,9.0,17.0
44552,17.0,31.0
44645,26.0,33.0
44674,26.0,36.0
44700,17.0,29.0
44729,29.0,29.0
44738,30.0,27.0
44773,26.0,28.0
44795,10.0,3.0
44869,21.0,31.0
44873,13.0,3.0
44876,8.0,17.0
44881,6.0,10.0
44898,34.0,33.0
44937,29.0,33.0
44941,30.0,22.0
45008,27.0,31.0
45035,33.0,34.0
45111,15.0,32.0
45176,9.0,20.0
45233,32.0,30.0
45238,27.0,35.0
45317,33.0,28.0
45319,10.0,18.0
45322,16.0,28.0
45335,28.0,28.0
45349,23.0,28.0
45369,27.0,13.0
45381,31.0,24.0
45410,22.0,31.0
45419,34.0,34.0
45423,8.0,5.0
45443,8.0,21.0
45450,24.0,36.0
45486,33.0,27.0
45502,20.0,34.0
45546,33.0,32.0
45557,32.0,35.0
45601,24.0,32.0
45624,32.0,22.0
45634,9.0,25.0
45652,31.0,27.0
45664,10.0,27.0
45696,9.0,18.0
45719,9.0,22.0
45784,33.0,33.0
45794,21.0,32.0
45801,24.0,34.0
45812,30.0,31.0
45816,14.0,3.0
45819,29.0,36.0
45823,30.0,28.0
45845,34.0,32.0
45922,33.0,24.0
45964,7.0,5.0
45987,8.0,6.0
46036,27.0,28.0
46067,11.0,29.0
46123,20.0,30.0
46191,33.0,25.0
46248,11.0,16.0
46251,32.0,26.0
46272,17.0,33.0
46274,7.0,6.0
46290,18.0,33.0
46333,19.0,32.0
46390,9.0,5.0
46481,19.0,30.0
46531,19.0,33.0
46546,33.0,29.0
46550,7.0,7.0
46564,6.0,8.0
46624,35.0,33.0
46656,30.0,35.0
46689,26.0,12.0
46713,27.0,27.0
46715,22.0,8.0
46722,11.0,2.0
46745,10.0,16.0
46784,21.0,29.0
46798,28.0,26.0
46827,25.0,23.0
46840,29.0,32.0
46860,10.0,2.0
46976,7.0,13.0
47131,29.0,30.0
47135,7.0,14.0
47211,10.0,19.0
47284,23.0,36.0
47314,21.0,35.0
47322,8.0,4.0
47404,6.0,14.0
47565,34.0,28.0
47603,22.0,35.0
47605,30.0,36.0
47649,6.0,6.0
47936,34.0,31.0
47967,13.0,24.0
48028,8.0,22.0
48060,22.0,27.0
48088,30.0,18.0
48170,8.0,18.0
48247,17.0,4.0
48253,34.0,29.0
48286,20.0,27.0
48306,5.0,10.0
48346,6.0,5.0
48349,31.0,25.0
48462,8.0,19.0
48531,10.0,21.0
48588,25.0,36.0
48613,22.0,32.0
48616,7.0,17.0
48630,27.0,33.0
48748,21.0,7.0
48785,7.0,15.0
48798,7.0,12.0
48828,21.0,34.0
48847,31.0,26.0
48862,32.0,36.0
49259,8.0,3.0
49324,15.0,18.0
49342,7.0,20.0
49351,25.0,12.0
49400,34.0,30.0
49506,5.0,8.0
49508,31.0,36.0
49521,6.0,4.0
49542,6.0,13.0
49634,10.0,28.0
49907,12.0,2.0
50005,5.0,11.0
50018,30.0,26.0
50100,6.0,7.0
50225,32.0,27.0
50426,33.0,26.0
50516,7.0,3.0
50552,8.0,20.0
50589,7.0,18.0
50703,7.0,4.0
50723,25.0,37.0
50763,5.0,9.0
50813,25.0,34.0
50879,32.0,24.0
50886,12.0,30.0
50916,29.0,15.0
51049,9.0,19.0
51051,20.0,6.0
51071,22.0,36.0
51081,34.0,26.0
51122,17.0,19.0
51211,7.0,19.0
51217,14.0,32.0
51247,26.0,37.0
51279,19.0,34.0
51284,35.0,31.0
51367,31.0,37.0
51473,6.0,18.0
51497,6.0,11.0
51771,34.0,35.0
51775,4.0,10.0
52199,19.0,5.0
52288,29.0,37.0
52296,35.0,30.0
52350,11.0,17.0
52358,35.0,29.0
52362,27.0,37.0
52384,4.0,12.0
52412,28.0,37.0
52416,13.0,31.0
52709,33.0,22.0
52745,34.0,27.0
53065,18.0,20.0
53100,18.0,34.0
53193,23.0,32.0
53381,27.0,29.0
53510,9.0,2.0
53551,16.0,33.0
53574,34.0,25.0
53596,6.0,17.0
53955,33.0,35.0
54056,30.0,37.0
54073,13.0,2.0
54087,16.0,22.0
54143,34.0,24.0
54156,6.0,20.0
54215,5.0,6.0
54298,6.0,3.0
54823,33.0,21.0
55080,5.0,7.0
55101,18.0,16.0
55133,4.0,6.0
55138,7.0,22.0
55157,33.0,36.0
55213,6.0,12.0
55342,4.0,14.0
55357,20.0,35.0
55435,34.0,23.0
55778,8.0,2.0
55976,19.0,22.0
56219,31.0,17.0
56509,5.0,13.0
56534,9.0,27.0
56564,18.0,18.0
56736,24.0,37.0
56871,28.0,38.0
56896,21.0,36.0
57038,5.0,5.0
57151,35.0,34.0
57239,19.0,12.0
57293,29.0,38.0
57349,19.0,29.0
57398,22.0,15.0
57784,24.0,9.0
57848,35.0,32.0
57922,30.0,16.0
58119,4.0,11.0
58143,5.0,4.0
58192,32.0,19.0
58224,22.0,12.0
58248,32.0,37.0
58253,4.0,9.0
58302,7.0,2.0
58604,26.0,38.0
58676,3.0,11.0
58734,30.0,38.0
58862,20.0,17.0
59008,23.0,26.0
59036,11.0,30.0
59167,6.0,16.0
59397,20.0,18.0
59492,5.0,17.0
59548,4.0,7.0
59610,3.0,10.0
59804,3.0,8.0
59868,35.0,28.0
59959,13.0,16.0
59980,10.0,29.0
60114,4.0,5.0
60247,35.0,35.0
60306,33.0,37.0
60569,4.0,8.0
60857,24.0,19.0
60908,3.0,7.0
61073,6.0,2.0
61119,28.0,14.0
62078,22.0,25.0
62167,13.0,29.0
62228,3.0,12.0
63060,3.0,9.0
63175,22.0,26.0
63420,21.0,20.0
63468,21.0,13.0
63628,35.0,27.0
63932,5.0,16.0
63945,23.0,8.0
63990,8.0,25.0
63994,25.0,18.0
63997,26.0,27.0
64045,34.0,36.0
64149,23.0,16.0
64522,16.0,3.0
65671,20.0,21.0
65734,19.0,35.0
65794,25.0,10.0
65798,35.0,27.0
65833,26.0,17.0
65838,36.0,30.0
65857,33.0,20.0
66629,23.0,37.0
66852,25.0,26.0
66991,7.0,24.0
67113,21.0,23.0
67229,7.0,23.0
67292,36.0,33.0
67308,26.0,19.0
67408,20.0,28.0
67464,10.0,15.0
67542,4.0,13.0
67560,36.0,31.0
67614,25.0,27.0
67876,25.0,28.0
68043,27.0,12.0
68286,27.0,38.0
68539,4.0,15.0
68667,22.0,7.0
69060,17.0,3.0
69062,25.0,38.0
69063,25.0,19.0
69164,22.0,24.0
69542,20.0,7.0
69792,28.0,23.0
69957,18.0,4.0
69995,5.0,18.0
70224,5.0,19.0
70289,22.0,23.0
70295,10.0,10.0
70490,24.0,23.0
70546,28.0,21.0
70606,5.0,3.0
70877,35.0,25.0
70891,8.0,26.0
70917,4.0,4.0
71002,36.0,35.0
71060,8.0,23.0
71089,11.0,18.0
71164,24.0,28.0
71521,30.0,21.0
71723,27.0,25.0
71734,34.0,22.0
71962,21.0,6.0
72165,14.0,2.0
72279,20.0,24.0
72501,26.0,25.0
72655,28.0,20.0
72665,27.0,20.0
72886,6.0,21.0
72987,12.0,31.0
73045,17.0,34.0
73087,28.0,31.0
73240,2.0,10.0
73336,15.0,2.0
73448,27.0,26.0
73710,28.0,27.0
73767,9.0,23.0
73836,31.0,22.0
74303,27.0,19.0
74385,5.0,20.0
74411,26.0,26.0
74738,7.0,21.0
74949,1.0,7.0
74974,31.0,21.0
75486,8.0,24.0
75549,29.0,39.0
75827,3.0,13.0
75991,35.0,26.0
76167,28.0,13.0
76550,7.0,8.0
76696,30.0,15.0
77510,9.0,15.0
77625,31.0,16.0
77952,26.0,11.0
78028,2.0,7.0
78063,32.0,38.0
78526,3.0,15.0
78786,9.0,1.0
79061,6.0,15.0
79071,27.0,39.0
79247,34.0,38.0
79353,11.0,3.0
79418,3.0,5.0
79527,30.0,39.0
79752,9.0,28.0
79862,33.0,19.0
79930,2.0,9.0
80199,4.0,16.0
80262,5.0,12.0
80299,15.0,33.0
80499,11.0,1.0
81554,6.0,22.0
81793,19.0,4.0
81824,20.0,5.0
81949,8.0,1.0
83390,12.0,1.0
83423,2.0,8.0
84458,7.0,16.0
84528,13.0,32.0
85494,31.0,39.0
86154,30.0,17.0
87617,35.0,23.0
88595,5.0,14.0
89257,28.0,39.0
89532,2.0,11.0
90320,7.0,1.0
90781,4.0,3.0
91098,36.0,28.0
91145,35.0,24.0
91308,4.0,17.0
91348,27.0,11.0
91498,36.0,27.0
93321,1.0,8.0
95607,31.0,18.0
95794,10.0,1.0
95818,6.0,1.0
98390,33.0,38.0
98563,2.0,5.0
100710,36.0,26.0
101491,1.0,10.0
103613,5.0,15.0
108302,2.0,12.0
108486,2.0,6.0
113758,36.0,32.0
115536,35.0,36.0
118763,3.0,6.0
131609,31.0,38.0
131616,4.0,18.0
143301,29.0,14.0
144511,2.0,13.0
147852,34.0,37.0
151090,3.0,4.0
523400,28.0,19.0
525839,18.0,26.0
526158,22.0,20.0
542412,17.0,15.0
543809,6.0,19.0
546524,25.0,14.0
546532,31.0,20.0
546638,29.0,16.0
