bodyId,type,predictedNt
80012,T2a,acetylcholine
114850,Tm3,acetylcholine
44564,TmY3,acetylcholine
72839,Tm3,acetylcholine
77623,T2a,acetylcholine
36911,Mi1,acetylcholine
74061,Tm3,acetylcholine
82639,T2a,acetylcholine
64633,T2a,acetylcholine
122233,Tm3,acetylcholine
62302,Tm3,acetylcholine
42895,Mi1,acetylcholine
37243,Mi1,acetylcholine
77307,Tm3,acetylcholine
78148,T2a,acetylcholine
77294,T2a,acetylcholine
72148,Tm3,acetylcholine
49516,TmY3,acetylcholine
38230,Mi1,acetylcholine
95810,T2a,acetylcholine
48283,TmY3,acetylcholine
35734,Mi1,acetylcholine
44700,Mi1,acetylcholine
32893,Mi1,acetylcholine
65810,Tm3,acetylcholine
85063,T2a,acetylcholine
19260,LC4,acetylcholine
76137,T2a,acetylcholine
37587,LC4,acetylcholine
72132,Tm3,acetylcholine
84445,T2a,acetylcholine
38767,Mi1,acetylcholine
92886,Tm3,acetylcholine
71188,T2a,acetylcholine
81211,Tm3,acetylcholine
71359,T2,acetylcholine
69916,T2,acetylcholine
73284,T2a,acetylcholine
55198,TmY3,acetylcholine
85937,Tm3,acetylcholine
70112,T2,acetylcholine
141724,Tm3,acetylcholine
36695,Mi1,acetylcholine
57398,Mi1,acetylcholine
75318,T2,acetylcholine
40854,Mi1,acetylcholine
75136,T2a,acetylcholine
75227,T2a,acetylcholine
35777,Mi1,acetylcholine
80989,Tm3,acetylcholine
59323,T2,acetylcholine
82338,Tm3,acetylcholine
37138,Mi1,acetylcholine
103638,Tm3,acetylcholine
80177,Tm3,acetylcholine
69387,T2,acetylcholine
70806,T2,acetylcholine
117262,Tm3,acetylcholine
516909,LC4,acetylcholine
41671,TmY3,acetylcholine
54087,Mi1,acetylcholine
78172,TmY3,acetylcholine
68842,TmY3,acetylcholine
79834,T2a,acetylcholine
78470,Tm3,acetylcholine
67353,T2,acetylcholine
77537,T2a,acetylcholine
85856,TmY3,acetylcholine
89266,TmY3,acetylcholine
67415,T2,acetylcholine
47465,TmY3,acetylcholine
57871,T2,acetylcholine
71475,Tm3,acetylcholine
59599,T2,acetylcholine
65671,Mi1,acetylcholine
40936,Mi1,acetylcholine
71931,Tm3,acetylcholine
72144,T2,acetylcholine
107412,Tm3,acetylcholine
38893,Mi1,acetylcholine
81372,Tm3,acetylcholine
127153,Tm3,acetylcholine
17054,LC4,acetylcholine
76446,TmY3,acetylcholine
72989,Tm3,acetylcholine
27624,LC4,acetylcholine
18396,LC4,acetylcholine
49788,TmY3,acetylcholine
87328,Tm3,acetylcholine
81714,T2a,acetylcholine
86720,Tm3,acetylcholine
800146,TTMn,histamine
44244,TmY3,acetylcholine
35774,Mi1,acetylcholine
49942,TmY3,acetylcholine
23929,LC4,acetylcholine
30997,Mi1,acetylcholine
118822,Tm3,acetylcholine
74731,T2a,acetylcholine
40596,Mi1,acetylcholine
68678,T2,acetylcholine
77594,T2a,acetylcholine
17548,LC4,acetylcholine
517752,LC4,acetylcholine
46230,TmY3,acetylcholine
82929,T2a,acetylcholine
84759,T2a,acetylcholine
77791,T2a,acetylcholine
72859,Tm3,acetylcholine
48894,TmY3,acetylcholine
75172,T2a,acetylcholine
80929,T2a,acetylcholine
75067,TmY3,acetylcholine
49324,Mi1,acetylcholine
65298,T2a,acetylcholine
76653,T2a,acetylcholine
72543,Tm3,acetylcholine
36540,Mi1,acetylcholine
91070,Tm3,acetylcholine
54211,TmY3,acetylcholine
130376,Tm3,acetylcholine
37391,Mi1,acetylcholine
69230,T2,acetylcholine
33766,Mi1,acetylcholine
135189,Tm3,acetylcholine
114229,T2a,acetylcholine
69186,Tm3,acetylcholine
71061,Tm3,acetylcholine
35683,Mi1,acetylcholine
85039,T2a,acetylcholine
43965,Mi1,acetylcholine
121170,Tm3,acetylcholine
58599,T2,acetylcholine
77916,T2a,acetylcholine
37677,Mi1,acetylcholine
67810,Tm3,acetylcholine
140868,Tm3,acetylcholine
83509,T2a,acetylcholine
46993,T2a,acetylcholine
34463,Mi1,acetylcholine
98964,T2a,acetylcholine
81620,T2a,acetylcholine
51191,TmY3,acetylcholine
65443,T2a,acetylcholine
34057,Mi1,acetylcholine
102401,T2,acetylcholine
77788,T2,acetylcholine
88746,Tm3,acetylcholine
68358,T2,acetylcholine
80435,T2a,acetylcholine
126286,Tm3,acetylcholine
38710,Mi1,acetylcholine
77906,T2a,acetylcholine
73298,T2,acetylcholine
73098,T2a,acetylcholine
83912,T2a,acetylcholine
37509,Mi1,acetylcholine
44449,TmY3,acetylcholine
65235,T2,acetylcholine
37680,Mi1,acetylcholine
23226,LC4,acetylcholine
34626,Mi1,acetylcholine
74375,Tm3,acetylcholine
49930,TmY3,acetylcholine
86715,Tm3,acetylcholine
546524,Mi1,acetylcholine
57164,TmY3,acetylcholine
38529,Mi1,acetylcholine
133950,Tm3,acetylcholine
44746,TmY3,acetylcholine
97829,Tm3,acetylcholine
64913,T2,acetylcholine
123564,Tm3,acetylcholine
44222,Mi1,acetylcholine
92027,Tm3,acetylcholine
69723,Tm3,acetylcholine
68951,TmY3,acetylcholine
73320,T2,acetylcholine
85009,Tm3,acetylcholine
38487,Mi1,acetylcholine
20282,LC4,acetylcholine
72558,T2a,acetylcholine
75391,Tm3,acetylcholine
65348,TmY3,acetylcholine
92342,Tm3,acetylcholine
49372,TmY3,acetylcholine
130994,Tm3,acetylcholine
41136,Mi1,acetylcholine
74010,T2a,acetylcholine
41668,Mi1,acetylcholine
62112,Tm3,acetylcholine
133965,Tm3,acetylcholine
30923,TmY3,acetylcholine
81996,T2a,acetylcholine
66896,T2a,acetylcholine
72794,Tm3,acetylcholine
35580,Mi1,acetylcholine
76886,T2a,acetylcholine
75304,T2a,acetylcholine
111746,Tm3,acetylcholine
101772,Tm3,acetylcholine
71622,T2a,acetylcholine
41709,Mi1,acetylcholine
35405,Mi1,acetylcholine
64977,T2,acetylcholine
19634,LC4,acetylcholine
34867,Mi1,acetylcholine
90656,T2a,acetylcholine
58553,TmY3,acetylcholine
39500,Mi1,acetylcholine
85440,Tm3,acetylcholine
130150,Tm3,acetylcholine
10010,DNp01,acetylcholine
82723,T2a,acetylcholine
76567,T2a,acetylcholine
65806,T2,acetylcholine
55098,TmY3,acetylcholine
76380,Tm3,acetylcholine
74527,Tm3,acetylcholine
71938,T2a,acetylcholine
69441,Tm3,acetylcholine
12824,LC4,acetylcholine
83227,Tm3,acetylcholine
39275,Mi1,acetylcholine
87298,T2a,acetylcholine
58221,T2,acetylcholine
79138,T2a,acetylcholine
85292,Tm3,acetylcholine
79849,Tm3,acetylcholine
39718,Mi1,acetylcholine
68522,T2a,acetylcholine
62505,TmY3,acetylcholine
67877,T2a,acetylcholine
80567,TmY3,acetylcholine
69834,T2,acetylcholine
159987,Tm3,acetylcholine
82029,T2a,acetylcholine
69692,T2,acetylcholine
34272,Mi1,acetylcholine
533129,LC4,acetylcholine
82689,T2a,acetylcholine
137939,Tm3,acetylcholine
82121,Tm3,acetylcholine
81481,T2a,acetylcholine
55976,Mi1,acetylcholine
47686,TmY3,acetylcholine
80086,Tm3,acetylcholine
73054,T2,acetylcholine
70177,T2,acetylcholine
94481,T2,acetylcholine
75858,T2,acetylcholine
17270,LC4,acetylcholine
77779,T2a,acetylcholine
38857,Mi1,acetylcholine
61500,Tm3,acetylcholine
91909,T2a,acetylcholine
117748,Tm3,acetylcholine
65106,T2,acetylcholine
48690,TmY3,acetylcholine
40026,TmY3,acetylcholine
70706,T2,acetylcholine
75283,T2,acetylcholine
35512,Mi1,acetylcholine
70158,T2a,acetylcholine
87477,T2a,acetylcholine
72190,Tm3,acetylcholine
82282,Tm3,acetylcholine
83379,Tm3,acetylcholine
77254,Tm3,acetylcholine
61435,TmY3,acetylcholine
20859,LC4,acetylcholine
36954,Mi1,acetylcholine
39525,Mi1,acetylcholine
53402,TmY3,acetylcholine
81309,T2a,acetylcholine
77891,Tm3,acetylcholine
80250,T2a,acetylcholine
66217,T2,acetylcholine
76621,T2a,acetylcholine
72173,T2a,acetylcholine
89698,T2a,acetylcholine
83682,Tm3,acetylcholine
61768,T2,acetylcholine
22328,LC4,acetylcholine
87114,T2a,acetylcholine
40958,Mi1,acetylcholine
58862,Mi1,acetylcholine
81768,Tm3,acetylcholine
51963,TmY3,acetylcholine
41762,TmY3,acetylcholine
68605,T2,acetylcholine
37108,Mi1,acetylcholine
81037,T2a,acetylcholine
75419,T2,acetylcholine
35840,Mi1,acetylcholine
31308,LC4,acetylcholine
97139,T2a,acetylcholine
51049,Mi1,acetylcholine
71308,Tm3,acetylcholine
134209,Tm3,acetylcholine
138496,Tm3,acetylcholine
67152,Tm3,acetylcholine
47962,TmY3,acetylcholine
85837,Tm3,acetylcholine
69536,Tm3,acetylcholine
83567,T2a,acetylcholine
125288,Tm3,acetylcholine
47211,Mi1,acetylcholine
134323,Tm3,acetylcholine
72619,T2a,acetylcholine
97680,Tm3,acetylcholine
87669,T2a,acetylcholine
82618,T2a,acetylcholine
69090,T2,acetylcholine
74373,Tm3,acetylcholine
56291,TmY3,acetylcholine
122308,Tm3,acetylcholine
84044,T2a,acetylcholine
34296,Mi1,acetylcholine
62699,T2,acetylcholine
66808,Tm3,acetylcholine
91781,Tm3,acetylcholine
79070,T2a,acetylcholine
62560,T2,acetylcholine
73371,T2a,acetylcholine
35152,Mi1,acetylcholine
43425,TmY3,acetylcholine
67449,TmY3,acetylcholine
35890,Mi1,acetylcholine
78215,T2a,acetylcholine
34404,Mi1,acetylcholine
65727,T2,acetylcholine
51767,TmY3,acetylcholine
45322,Mi1,acetylcholine
38477,Mi1,acetylcholine
79358,T2a,acetylcholine
67131,Tm3,acetylcholine
77138,Tm3,acetylcholine
68918,Tm3,acetylcholine
68264,Tm3,acetylcholine
30803,LC4,acetylcholine
111078,Tm3,acetylcholine
76502,T2,acetylcholine
64539,Tm3,acetylcholine
74997,Tm3,acetylcholine
74502,Tm3,acetylcholine
58945,Tm3,acetylcholine
42758,Mi1,acetylcholine
35045,Mi1,acetylcholine
38648,Mi1,acetylcholine
27829,LC4,acetylcholine
75742,T2,acetylcholine
36446,Mi1,acetylcholine
43063,Mi1,acetylcholine
82724,Tm3,acetylcholine
78728,Tm3,acetylcholine
73412,Tm3,acetylcholine
74411,Mi1,acetylcholine
64897,T2,acetylcholine
41804,Mi1,acetylcholine
56984,TmY3,acetylcholine
40426,Mi1,acetylcholine
76925,T2a,acetylcholine
16138,LC4,acetylcholine
87722,T2a,acetylcholine
20016,LC4,acetylcholine
92273,T2a,acetylcholine
86902,T2a,acetylcholine
39651,Mi1,acetylcholine
75076,T2,acetylcholine
81471,Tm3,acetylcholine
60235,TmY3,acetylcholine
52350,Mi1,acetylcholine
85616,T2a,acetylcholine
126882,Tm3,acetylcholine
86419,Tm3,acetylcholine
64058,T2,acetylcholine
73701,T2a,acetylcholine
70321,Tm3,acetylcholine
68276,T2,acetylcholine
60510,T2,acetylcholine
52334,TmY3,acetylcholine
15018,LC4,acetylcholine
65925,Tm3,acetylcholine
72829,T2a,acetylcholine
43978,Mi1,acetylcholine
72983,T2a,acetylcholine
79566,T2a,acetylcholine
71583,Tm3,acetylcholine
67554,T2,acetylcholine
84251,T2a,acetylcholine
78437,Tm3,acetylcholine
135112,Tm3,acetylcholine
58196,TmY3,acetylcholine
89182,Tm3,acetylcholine
75628,T2a,acetylcholine
42006,TmY3,acetylcholine
49894,TmY3,acetylcholine
61394,T2,acetylcholine
85384,T2a,acetylcholine
62272,T2,acetylcholine
518730,LC4,acetylcholine
89604,Tm3,acetylcholine
37599,Mi1,acetylcholine
84471,T2a,acetylcholine
68858,T2,acetylcholine
63747,T2,acetylcholine
73122,T2a,acetylcholine
40505,Mi1,acetylcholine
35616,LC4,acetylcholine
59528,T2a,acetylcholine
40795,Mi1,acetylcholine
58703,T2,acetylcholine
78943,T2a,acetylcholine
82907,Tm3,acetylcholine
120016,Tm3,acetylcholine
88435,Tm3,acetylcholine
77232,T2,acetylcholine
519650,LC4,acetylcholine
34849,Mi1,acetylcholine
80838,T2a,acetylcholine
65515,T2,acetylcholine
35017,Mi1,acetylcholine
60594,TmY3,acetylcholine
77582,T2,acetylcholine
35724,Mi1,acetylcholine
68840,TmY3,acetylcholine
79345,T2a,acetylcholine
46827,Mi1,acetylcholine
56918,TmY3,acetylcholine
70359,T2,acetylcholine
78582,T2a,acetylcholine
44592,TmY3,acetylcholine
74927,Tm3,acetylcholine
64579,T2,acetylcholine
16128,LC4,acetylcholine
80793,T2a,acetylcholine
63420,Mi1,acetylcholine
37839,Mi1,acetylcholine
70632,Tm3,acetylcholine
137694,Tm3,acetylcholine
63280,T2,acetylcholine
127170,Tm3,acetylcholine
33017,Mi1,acetylcholine
34171,Mi1,acetylcholine
80429,T2a,acetylcholine
118886,T2,acetylcholine
78108,T2a,acetylcholine
68562,T2a,acetylcholine
75618,T2a,acetylcholine
76962,T2a,acetylcholine
89479,T2a,acetylcholine
83365,T2a,acetylcholine
66334,T2,acetylcholine
21287,LC4,acetylcholine
97503,Tm3,acetylcholine
134515,Tm3,acetylcholine
80093,T2a,acetylcholine
77723,T2a,acetylcholine
82145,T2a,acetylcholine
64050,T2,acetylcholine
171349687,Tm3,acetylcholine
78773,Tm3,acetylcholine
59277,TmY3,acetylcholine
33110,Mi1,acetylcholine
66325,Tm3,acetylcholine
131329,Tm3,acetylcholine
39405,Mi1,acetylcholine
37568,Mi1,acetylcholine
40716,Tm3,acetylcholine
16628,LC4,acetylcholine
84663,T2a,acetylcholine
84781,Tm3,acetylcholine
82038,Tm3,acetylcholine
75484,Tm3,acetylcholine
533688,Tm3,acetylcholine
12349,LC4,acetylcholine
78421,T2a,acetylcholine
64022,T2,acetylcholine
21225,LC4,acetylcholine
40085,Mi1,acetylcholine
69963,Tm3,acetylcholine
51050,TmY3,acetylcholine
128697,Tm3,acetylcholine
80654,T2a,acetylcholine
78999,T2a,acetylcholine
95060,Tm3,acetylcholine
21151,LC4,acetylcholine
77491,T2a,acetylcholine
84364,Tm3,acetylcholine
65803,T2,acetylcholine
36158,Mi1,acetylcholine
74189,T2a,acetylcholine
83432,Tm3,acetylcholine
64784,T2,acetylcholine
68302,Tm3,acetylcholine
21721,LC4,acetylcholine
84773,T2a,acetylcholine
78603,Tm3,acetylcholine
81345,T2a,acetylcholine
78820,T2a,acetylcholine
79936,Tm3,acetylcholine
88035,Tm3,acetylcholine
63825,Tm3,acetylcholine
84689,Tm3,acetylcholine
102786,Tm3,acetylcholine
17987,LC4,acetylcholine
71019,T2,acetylcholine
50311,TmY3,acetylcholine
83468,T2a,acetylcholine
93100,Tm3,acetylcholine
34329,Mi1,acetylcholine
34658,Mi1,acetylcholine
134029,Tm3,acetylcholine
94930,T2a,acetylcholine
526158,Mi1,acetylcholine
59959,Mi1,acetylcholine
67963,Tm3,acetylcholine
36369,Mi1,acetylcholine
39505,Mi1,acetylcholine
32962,TmY3,acetylcholine
36177,Mi1,acetylcholine
82515,Tm3,acetylcholine
73941,T2,acetylcholine
31848,Mi1,acetylcholine
118924,Tm3,acetylcholine
85535,T2a,acetylcholine
85717,T2a,acetylcholine
41626,Mi1,acetylcholine
81548,T2a,acetylcholine
57349,Mi1,acetylcholine
33446,Mi1,acetylcholine
22772,LC4,acetylcholine
48986,TmY3,acetylcholine
133349,Tm3,acetylcholine
42533,TmY3,acetylcholine
66872,T2,acetylcholine
67728,T2,acetylcholine
67308,Mi1,acetylcholine
84122,T2a,acetylcholine
64485,T2,acetylcholine
21336,LC4,acetylcholine
12032,LC4,acetylcholine
72314,T2,acetylcholine
129930,Tm3,acetylcholine
35428,Mi1,acetylcholine
37224,Mi1,acetylcholine
109593,Tm3,acetylcholine
79405,T2a,acetylcholine
101961,Tm3,acetylcholine
18189,LC4,acetylcholine
78529,Tm3,acetylcholine
81092,Tm3,acetylcholine
62015,TmY3,acetylcholine
41120,Mi1,acetylcholine
41536,Mi1,acetylcholine
51770,TmY3,acetylcholine
34356,Mi1,acetylcholine
61045,TmY3,acetylcholine
66345,T2a,acetylcholine
86724,Tm3,acetylcholine
51231,TmY3,acetylcholine
23606,Mi1,acetylcholine
75660,T2a,acetylcholine
81287,Tm3,acetylcholine
77226,T2a,acetylcholine
80911,Tm3,acetylcholine
40400,Mi1,acetylcholine
35234,Mi1,acetylcholine
66980,T2a,acetylcholine
82130,T2a,acetylcholine
71230,Tm3,acetylcholine
143741,Tm3,acetylcholine
81387,T2a,acetylcholine
47360,TmY3,acetylcholine
134179,Tm3,acetylcholine
70859,T2a,acetylcholine
50345,TmY3,acetylcholine
35845,Mi1,acetylcholine
87045,T2a,acetylcholine
37019,Mi1,acetylcholine
50955,TmY3,acetylcholine
151648,Tm3,acetylcholine
58967,TmY3,acetylcholine
64256,T2a,acetylcholine
83507,Tm3,acetylcholine
71674,T2a,acetylcholine
47240,TmY3,acetylcholine
68974,T2,acetylcholine
89110,Tm3,acetylcholine
52151,TmY3,acetylcholine
65550,Tm3,acetylcholine
67464,Mi1,acetylcholine
79683,Tm3,acetylcholine
43689,Mi1,acetylcholine
68831,TmY3,acetylcholine
29469,LC4,acetylcholine
71929,T2,acetylcholine
69063,Mi1,acetylcholine
50871,TmY3,acetylcholine
38461,Mi1,acetylcholine
19794,LC4,acetylcholine
38241,Mi1,acetylcholine
62757,T2a,acetylcholine
39743,Mi1,acetylcholine
102002,Tm3,acetylcholine
92668,T2a,acetylcholine
42872,Mi1,acetylcholine
532850,Tm3,acetylcholine
62562,T2,acetylcholine
60856,T2a,acetylcholine
33326,Mi1,acetylcholine
77174,T2a,acetylcholine
86972,Tm3,acetylcholine
35100,Mi1,acetylcholine
77991,Tm3,acetylcholine
71036,T2a,acetylcholine
17364,LC4,acetylcholine
60979,TmY3,acetylcholine
21165,LC4,acetylcholine
71853,T2a,acetylcholine
527408,LC4,acetylcholine
71089,Mi1,acetylcholine
72246,T2,acetylcholine
68485,T2a,acetylcholine
71437,T2a,acetylcholine
79483,Tm3,acetylcholine
80470,T2a,acetylcholine
73301,Tm3,acetylcholine
103497,Tm3,acetylcholine
37044,Mi1,acetylcholine
84123,T2a,acetylcholine
65542,T2,acetylcholine
39791,Mi1,acetylcholine
87109,T2a,acetylcholine
70289,Mi1,acetylcholine
22034,LC4,acetylcholine
87090,T2a,acetylcholine
61659,Tm3,acetylcholine
72426,Tm3,acetylcholine
62078,Mi1,acetylcholine
80826,T2a,acetylcholine
38514,Mi1,acetylcholine
83103,T2a,acetylcholine
72066,Tm3,acetylcholine
76751,TmY3,acetylcholine
41296,Mi1,acetylcholine
69889,T2a,acetylcholine
38987,Mi1,acetylcholine
137357,Tm3,acetylcholine
49441,TmY3,acetylcholine
39858,Mi1,acetylcholine
88381,Tm3,acetylcholine
81626,T2a,acetylcholine
69543,T2a,acetylcholine
100681,T2a,acetylcholine
63332,T2,acetylcholine
34142,Mi1,acetylcholine
77153,T2,acetylcholine
80080,T2a,acetylcholine
111787,LC4,acetylcholine
85269,T2a,acetylcholine
55706,TmY3,acetylcholine
61946,Tm3,acetylcholine
35806,Mi1,acetylcholine
101962,Tm3,acetylcholine
81313,Tm3,acetylcholine
130730,Tm3,acetylcholine
37631,Mi1,acetylcholine
97704,T2a,acetylcholine
83529,T2,acetylcholine
89605,T2a,acetylcholine
75361,T2a,acetylcholine
76042,TmY3,acetylcholine
107184,Tm3,acetylcholine
57486,TmY3,acetylcholine
78151,Tm3,acetylcholine
87495,T2,acetylcholine
59145,T2,acetylcholine
42691,Mi1,acetylcholine
46586,TmY3,acetylcholine
76733,Tm3,acetylcholine
92132,Tm3,acetylcholine
84722,T2a,acetylcholine
37948,Mi1,acetylcholine
74159,Tm3,acetylcholine
37294,Mi1,acetylcholine
84038,Tm3,acetylcholine
47696,TmY3,acetylcholine
87756,Tm3,acetylcholine
69380,Tm3,acetylcholine
65833,Mi1,acetylcholine
525839,Mi1,acetylcholine
77614,LC4,acetylcholine
16809,LC4,acetylcholine
78905,T2,acetylcholine
96189,Tm3,acetylcholine
95232,Tm3,acetylcholine
79646,Tm3,acetylcholine
83639,T2a,acetylcholine
37270,Mi1,acetylcholine
34933,Mi1,acetylcholine
36410,Mi1,acetylcholine
74231,Tm3,acetylcholine
82513,Tm3,acetylcholine
532805,Tm3,acetylcholine
60863,T2,acetylcholine
40106,Mi1,acetylcholine
97001,T2a,acetylcholine
73139,Tm3,acetylcholine
133040,Tm3,acetylcholine
17668,LC4,acetylcholine
78854,T2a,acetylcholine
83156,T2a,acetylcholine
117627,Tm3,acetylcholine
122290,Tm3,acetylcholine
67002,T2,acetylcholine
120231,Tm3,acetylcholine
109868,Tm3,acetylcholine
34189,Mi1,acetylcholine
71394,T2a,acetylcholine
94766,T2a,acetylcholine
80487,Tm3,acetylcholine
72194,Tm3,acetylcholine
60886,T2a,acetylcholine
532254,LC4,acetylcholine
74706,T2,acetylcholine
78805,T2a,acetylcholine
66357,T2a,acetylcholine
63190,T2,acetylcholine
72945,T2a,acetylcholine
96353,Tm3,acetylcholine
89367,Tm3,acetylcholine
66167,T2,acetylcholine
106912,Tm3,acetylcholine
83556,Tm3,acetylcholine
126702,Tm3,acetylcholine
37585,Mi1,acetylcholine
51870,TmY3,acetylcholine
105565,Tm3,acetylcholine
74112,T2a,acetylcholine
70723,Tm3,acetylcholine
69633,T2,acetylcholine
129235,Tm3,acetylcholine
78863,T2a,acetylcholine
139055,Tm3,acetylcholine
65742,Tm3,acetylcholine
82529,T2a,acetylcholine
84428,T2a,acetylcholine
35888,Mi1,acetylcholine
67784,Tm3,acetylcholine
20588,LC4,acetylcholine
37113,Mi1,acetylcholine
70527,T2a,acetylcholine
547091,T2,acetylcholine
77982,T2a,acetylcholine
19420,LC4,acetylcholine
109031,Tm3,acetylcholine
78561,Tm3,acetylcholine
82229,T2a,acetylcholine
81494,T2,acetylcholine
89273,Tm3,acetylcholine
120312,Tm3,acetylcholine
63021,Tm3,acetylcholine
77569,T2,acetylcholine
78710,T2a,acetylcholine
22108,TmY3,acetylcholine
75343,Tm3,acetylcholine
75966,T2a,acetylcholine
72452,T2,acetylcholine
28980,LC4,acetylcholine
90432,Tm3,acetylcholine
35602,Mi1,acetylcholine
97018,T2a,acetylcholine
34079,Mi1,acetylcholine
127686,Tm3,acetylcholine
80284,Tm3,acetylcholine
34300,Mi1,acetylcholine
63673,Tm3,acetylcholine
64149,Mi1,acetylcholine
96370,T2a,acetylcholine
81981,T2a,acetylcholine
125171,Tm3,acetylcholine
62569,T2,acetylcholine
34045,Mi1,acetylcholine
89165,Tm3,acetylcholine
88499,T2a,acetylcholine
83225,Tm3,acetylcholine
64712,T2a,acetylcholine
65009,T2,acetylcholine
89622,T2a,acetylcholine
70812,TmY3,acetylcholine
76524,Tm3,acetylcholine
75797,T2,acetylcholine
122273,Tm3,acetylcholine
33918,Mi1,acetylcholine
132834,Tm3,acetylcholine
535341,LC4,acetylcholine
22975,LC4,acetylcholine
37371,Mi1,acetylcholine
63645,TmY3,acetylcholine
82507,T2a,acetylcholine
82413,T2a,acetylcholine
81836,T2a,acetylcholine
530029,LC4,acetylcholine
76598,T2a,acetylcholine
62947,T2a,acetylcholine
75557,Tm3,acetylcholine
70153,Tm3,acetylcholine
78025,T2a,acetylcholine
38632,Mi1,acetylcholine
61353,T2,acetylcholine
42048,Mi1,acetylcholine
515476,LC4,acetylcholine
88246,Tm3,acetylcholine
110987,Tm3,acetylcholine
83869,T2a,acetylcholine
63058,T2,acetylcholine
58527,TmY3,acetylcholine
68982,Tm3,acetylcholine
36139,Mi1,acetylcholine
107513,LC4,acetylcholine
42856,Mi1,acetylcholine
23202,LC4,acetylcholine
101730,Tm3,acetylcholine
81561,T2a,acetylcholine
71228,T2a,acetylcholine
65468,T2,acetylcholine
71933,T2,acetylcholine
80884,T2a,acetylcholine
20572,LC4,acetylcholine
20440,LC4,acetylcholine
90955,T2a,acetylcholine
69680,Tm3,acetylcholine
93736,Tm3,acetylcholine
78927,T2a,acetylcholine
44677,TmY3,acetylcholine
48073,TmY3,acetylcholine
75088,T2a,acetylcholine
77257,T2a,acetylcholine
73910,TmY3,acetylcholine
20917,LC4,acetylcholine
36684,Mi1,acetylcholine
81950,Tm3,acetylcholine
53280,TmY3,acetylcholine
27788,Mi1,acetylcholine
60337,TmY3,acetylcholine
92933,T2a,acetylcholine
67796,TmY3,acetylcholine
88334,T2a,acetylcholine
131823,Tm3,acetylcholine
31262,LC4,acetylcholine
71702,T2a,acetylcholine
52256,TmY3,acetylcholine
69558,T2,acetylcholine
76343,Tm3,acetylcholine
81112,LC4,acetylcholine
64258,T2a,acetylcholine
82001,T2a,acetylcholine
99773,Tm3,acetylcholine
69540,TmY3,acetylcholine
74773,T2a,acetylcholine
36346,Mi1,acetylcholine
72005,Tm3,acetylcholine
95545,T2a,acetylcholine
76391,T2,acetylcholine
42675,Mi1,acetylcholine
81189,T2a,acetylcholine
65508,Tm3,acetylcholine
45948,TmY3,acetylcholine
512366,LC4,acetylcholine
121181,Tm3,acetylcholine
75852,Tm3,acetylcholine
63912,T2,acetylcholine
73342,T2a,acetylcholine
75377,T2a,acetylcholine
62522,T2,acetylcholine
45349,Mi1,acetylcholine
20673,LC4,acetylcholine
530434,Tm3,acetylcholine
46248,Mi1,acetylcholine
514956,LC4,acetylcholine
97609,Tm3,acetylcholine
69993,T2a,acetylcholine
75665,T2,acetylcholine
63868,T2a,acetylcholine
76103,T2a,acetylcholine
87059,T2a,acetylcholine
65850,T2a,acetylcholine
48531,Mi1,acetylcholine
53080,TmY3,acetylcholine
55836,TmY3,acetylcholine
81306,T2a,acetylcholine
50552,Mi1,acetylcholine
83875,Tm3,acetylcholine
86319,Tm3,acetylcholine
85767,T2a,acetylcholine
81924,T2a,acetylcholine
68475,T2a,acetylcholine
69978,T2,acetylcholine
77880,Tm3,acetylcholine
75550,Tm3,acetylcholine
69164,Mi1,acetylcholine
40832,Mi1,acetylcholine
82331,T2a,acetylcholine
65531,T2a,acetylcholine
44119,Mi1,acetylcholine
70830,T2a,acetylcholine
70141,T2a,acetylcholine
20399,LC4,acetylcholine
70980,T2a,acetylcholine
74023,T2a,acetylcholine
81883,T2a,acetylcholine
76061,T2a,acetylcholine
90995,Tm3,acetylcholine
61380,TmY3,acetylcholine
69736,Tm3,acetylcholine
88951,Tm3,acetylcholine
78597,T2a,acetylcholine
62154,T2,acetylcholine
35897,Mi1,acetylcholine
35262,LC4,acetylcholine
81706,T2a,acetylcholine
92080,T2a,acetylcholine
70642,T2a,acetylcholine
67150,T2a,acetylcholine
62749,TmY3,acetylcholine
88250,T2a,acetylcholine
35447,Mi1,acetylcholine
72282,T2a,acetylcholine
49322,TmY3,acetylcholine
18432,LC4,acetylcholine
81064,Tm3,acetylcholine
81305,Tm3,acetylcholine
77972,Tm3,acetylcholine
72244,T2,acetylcholine
511914,LC4,acetylcholine
53156,TmY3,acetylcholine
38791,Mi1,acetylcholine
48721,TmY3,acetylcholine
110693,Tm3,acetylcholine
75712,Tm3,acetylcholine
81733,Tm3,acetylcholine
10001,DNp01,acetylcholine
64778,TmY3,acetylcholine
60643,Tm3,acetylcholine
88701,T2a,acetylcholine
73567,T2a,acetylcholine
73116,T2,acetylcholine
73795,TmY3,acetylcholine
80650,T2a,acetylcholine
73385,T2a,acetylcholine
48607,TmY3,acetylcholine
74088,T2a,acetylcholine
73828,Tm3,acetylcholine
137130,Tm3,acetylcholine
519931,LC4,acetylcholine
143802,Tm3,acetylcholine
33216,Mi1,acetylcholine
72955,T2a,acetylcholine
20542,LC4,acetylcholine
74228,Tm3,acetylcholine
72896,Tm3,acetylcholine
67719,T2a,acetylcholine
69425,T2a,acetylcholine
87234,Tm3,acetylcholine
50547,TmY3,acetylcholine
85737,T2a,acetylcholine
37529,Mi1,acetylcholine
22847,LC4,acetylcholine
86545,T2a,acetylcholine
96960,Tm3,acetylcholine
69979,Tm3,acetylcholine
83307,Tm3,acetylcholine
68535,T2a,acetylcholine
75723,Tm3,acetylcholine
80408,T2a,acetylcholine
66267,Tm3,acetylcholine
127970,Tm3,acetylcholine
68983,Tm3,acetylcholine
36217,Mi1,acetylcholine
71765,T2a,acetylcholine
29514,LC4,acetylcholine
70239,T2,acetylcholine
76260,T2a,acetylcholine
17340,LC4,acetylcholine
80358,Tm3,acetylcholine
66737,T2,acetylcholine
47823,TmY3,acetylcholine
86793,Tm3,acetylcholine
123514,Tm3,acetylcholine
71029,T2,acetylcholine
62856,T2,acetylcholine
34845,LC4,acetylcholine
61737,TmY3,acetylcholine
35290,Mi1,acetylcholine
68637,T2,acetylcholine
84434,Tm3,acetylcholine
38133,Mi1,acetylcholine
47842,TmY3,acetylcholine
62089,Tm3,acetylcholine
133131,Tm3,acetylcholine
56007,TmY3,acetylcholine
80302,T2a,acetylcholine
112194,Tm3,acetylcholine
35836,Mi1,acetylcholine
88870,Tm3,acetylcholine
69778,T2,acetylcholine
77480,Tm3,acetylcholine
74860,Tm3,acetylcholine
82098,T2a,acetylcholine
29563,LC4,acetylcholine
46784,Mi1,acetylcholine
76074,Tm3,acetylcholine
73029,T2,acetylcholine
71773,T2a,acetylcholine
91100,T2a,acetylcholine
74259,T2a,acetylcholine
41659,Mi1,acetylcholine
37390,Mi1,acetylcholine
147837,Tm3,acetylcholine
105984,Tm3,acetylcholine
80840,T2a,acetylcholine
73021,T2a,acetylcholine
54032,TmY3,acetylcholine
19954,LC4,acetylcholine
68167,Tm3,acetylcholine
53075,TmY3,acetylcholine
33394,Mi1,acetylcholine
43313,TmY3,acetylcholine
78987,T2a,acetylcholine
84452,Tm3,acetylcholine
65307,T2,acetylcholine
61292,T2,acetylcholine
17608,LC4,acetylcholine
64951,Tm3,acetylcholine
526286,LC4,acetylcholine
21804,LC4,acetylcholine
42119,Mi1,acetylcholine
82500,T2a,acetylcholine
35770,Mi1,acetylcholine
50633,TmY3,acetylcholine
82858,T2a,acetylcholine
74343,T2a,acetylcholine
38455,Mi1,acetylcholine
66852,Mi1,acetylcholine
78308,T2a,acetylcholine
41950,Mi1,acetylcholine
70281,T2a,acetylcholine
86455,T2a,acetylcholine
98410,Tm3,acetylcholine
69706,Tm3,acetylcholine
89728,Tm3,acetylcholine
38479,Mi1,acetylcholine
68730,T2,acetylcholine
71131,Tm3,acetylcholine
44747,TmY3,acetylcholine
68493,T2,acetylcholine
56280,T2a,acetylcholine
48186,TmY3,acetylcholine
79644,Tm3,acetylcholine
99606,Tm3,acetylcholine
66207,T2,acetylcholine
38178,Mi1,acetylcholine
35218,Mi1,acetylcholine
94302,Tm3,acetylcholine
45319,Mi1,acetylcholine
75135,T2a,acetylcholine
24338,LC4,acetylcholine
51122,Mi1,acetylcholine
64442,Tm3,acetylcholine
82755,T2a,acetylcholine
104144,T2,acetylcholine
47967,Mi1,acetylcholine
136741,Tm3,acetylcholine
38596,Mi1,acetylcholine
83718,Tm3,acetylcholine
36994,Mi1,acetylcholine
35173,Mi1,acetylcholine
68342,Tm3,acetylcholine
34369,Mi1,acetylcholine
73723,T2a,acetylcholine
35235,Mi1,acetylcholine
130861,Tm3,acetylcholine
78968,Tm3,acetylcholine
32535,Mi1,acetylcholine
524899,LC4,acetylcholine
69546,Tm3,acetylcholine
22966,LC4,acetylcholine
48286,Mi1,acetylcholine
110910,Tm3,acetylcholine
36881,Mi1,acetylcholine
70800,Tm3,acetylcholine
41464,TmY3,acetylcholine
78731,Tm3,acetylcholine
35260,Mi1,acetylcholine
67113,Mi1,acetylcholine
40703,Mi1,acetylcholine
45719,Mi1,acetylcholine
94765,T2a,acetylcholine
67971,Tm3,acetylcholine
81094,T2,acetylcholine
82211,T2a,acetylcholine
87466,T2a,acetylcholine
76259,Tm3,acetylcholine
84800,Tm3,acetylcholine
76841,T2a,acetylcholine
76562,T2a,acetylcholine
54503,TmY3,acetylcholine
38708,Mi1,acetylcholine
56762,TmY3,acetylcholine
22194,LC4,acetylcholine
102998,Tm3,acetylcholine
96281,TmY3,acetylcholine
59397,Mi1,acetylcholine
17478,LC4,acetylcholine
75381,Tm3,acetylcholine
20808,LC4,acetylcholine
79375,T2,acetylcholine
77223,Tm3,acetylcholine
61401,T2a,acetylcholine
36252,Mi1,acetylcholine
68735,T2,acetylcholine
127615,Tm3,acetylcholine
64260,T2,acetylcholine
80137,T2a,acetylcholine
24523,LC4,acetylcholine
75298,T2a,acetylcholine
70490,Mi1,acetylcholine
134372,Tm3,acetylcholine
69687,T2,acetylcholine
37037,Mi1,acetylcholine
518544,LC4,acetylcholine
78422,Tm3,acetylcholine
38993,Mi1,acetylcholine
75422,T2a,acetylcholine
43323,Mi1,acetylcholine
33942,Mi1,acetylcholine
55084,TmY3,acetylcholine
148316,Tm3,acetylcholine
22264,TmY3,acetylcholine
37756,Mi1,acetylcholine
89133,T2a,acetylcholine
80437,Tm3,acetylcholine
72665,Mi1,acetylcholine
91020,T2a,acetylcholine
87909,T2a,acetylcholine
45162,TmY3,acetylcholine
74044,Tm3,acetylcholine
78876,T2a,acetylcholine
82208,T2a,acetylcholine
88920,T2a,acetylcholine
71944,T2a,acetylcholine
71161,T2a,acetylcholine
39438,Mi1,acetylcholine
39088,Tm3,acetylcholine
74501,Tm3,acetylcholine
38768,Mi1,acetylcholine
42942,Mi1,acetylcholine
64540,T2,acetylcholine
82497,T2a,acetylcholine
133828,Tm3,acetylcholine
46121,TmY3,acetylcholine
33614,Mi1,acetylcholine
66197,T2,acetylcholine
57247,TmY3,acetylcholine
78506,T2a,acetylcholine
73586,Tm3,acetylcholine
70188,T2,acetylcholine
45176,Mi1,acetylcholine
68933,Tm3,acetylcholine
19550,LC4,acetylcholine
148827,Tm3,acetylcholine
90860,Tm3,acetylcholine
41545,Mi1,acetylcholine
39590,TmY3,acetylcholine
111416,Tm3,acetylcholine
63489,T2,acetylcholine
39164,Mi1,acetylcholine
68293,T2,acetylcholine
28945,LC4,acetylcholine
35712,Mi1,acetylcholine
88337,Tm3,acetylcholine
518439,LC4,acetylcholine
70093,Tm3,acetylcholine
64849,Tm3,acetylcholine
73096,T2a,acetylcholine
69570,Tm3,acetylcholine
96548,Tm3,acetylcholine
78848,Tm3,acetylcholine
61550,T2,acetylcholine
35416,Mi1,acetylcholine
32597,LC4,acetylcholine
132198,Tm3,acetylcholine
75473,Tm3,acetylcholine
80376,TmY3,acetylcholine
77987,T2,acetylcholine
68138,TmY3,acetylcholine
36305,Mi1,acetylcholine
88012,T2,acetylcholine
72863,T2a,acetylcholine
112543,Tm3,acetylcholine
83729,T2a,acetylcholine
86630,Tm3,acetylcholine
59008,Mi1,acetylcholine
34899,Mi1,acetylcholine
79083,Tm3,acetylcholine
46745,Mi1,acetylcholine
70402,Tm3,acetylcholine
61734,T2,acetylcholine
515900,LC4,acetylcholine
70697,Tm3,acetylcholine
84571,T2a,acetylcholine
40256,Mi1,acetylcholine
57950,Tm3,acetylcholine
75848,T2a,acetylcholine
79210,Tm3,acetylcholine
38065,LC4,acetylcholine
71035,Tm3,acetylcholine
80899,TmY3,acetylcholine
82558,T2,acetylcholine
17860,LC4,acetylcholine
65636,T2,acetylcholine
128726,Tm3,acetylcholine
71398,Tm3,acetylcholine
75832,T2,acetylcholine
38502,Tm3,acetylcholine
46881,TmY3,acetylcholine
78503,T2a,acetylcholine
76828,T2a,acetylcholine
37088,Mi1,acetylcholine
20967,LC4,acetylcholine
74374,T2a,acetylcholine
37084,Mi1,acetylcholine
58320,TmY3,acetylcholine
54423,TmY3,acetylcholine
74504,T2a,acetylcholine
35113,Mi1,acetylcholine
75766,T2a,acetylcholine
66214,T2a,acetylcholine
33091,Mi1,acetylcholine
74891,T2a,acetylcholine
98862,Tm3,acetylcholine
60857,Mi1,acetylcholine
69915,TmY3,acetylcholine
33137,LC4,acetylcholine
71485,T2,acetylcholine
123490,Tm3,acetylcholine
56136,Tm3,acetylcholine
50333,TmY3,acetylcholine
74287,Tm3,acetylcholine
86917,Tm3,acetylcholine
74031,T2,acetylcholine
68027,T2,acetylcholine
44527,Mi1,acetylcholine
48547,TmY3,acetylcholine
91644,Tm3,acetylcholine
78911,Tm3,acetylcholine
65052,T2,acetylcholine
38748,Mi1,acetylcholine
88781,T2a,acetylcholine
61960,T2,acetylcholine
47368,TmY3,acetylcholine
70524,T2a,acetylcholine
45005,TmY3,acetylcholine
69793,T2a,acetylcholine
54885,TmY3,acetylcholine
83366,T2a,acetylcholine
69597,Tm3,acetylcholine
90740,Tm3,acetylcholine
62838,TmY3,acetylcholine
14888,LC4,acetylcholine
67408,Mi1,acetylcholine
82964,T2a,acetylcholine
37123,Mi1,acetylcholine
34606,Mi1,acetylcholine
71052,T2a,acetylcholine
66791,Tm3,acetylcholine
85064,T2a,acetylcholine
520449,LC4,acetylcholine
71361,Tm3,acetylcholine
69228,T2a,acetylcholine
17653,LC4,acetylcholine
72586,Tm3,acetylcholine
135467,Tm3,acetylcholine
80927,Tm3,acetylcholine
20976,LC4,acetylcholine
39716,Mi1,acetylcholine
134799,Tm3,acetylcholine
66227,Tm3,acetylcholine
40235,Mi1,acetylcholine
72009,T2,acetylcholine
78605,Tm3,acetylcholine
72938,T2a,acetylcholine
69561,T2a,acetylcholine
79798,T2a,acetylcholine
81215,Tm3,acetylcholine
43783,Mi1,acetylcholine
38227,Mi1,acetylcholine
128916,Tm3,acetylcholine
66199,T2a,acetylcholine
91368,Tm3,acetylcholine
104128,Tm3,acetylcholine
78735,T2a,acetylcholine
97888,Tm3,acetylcholine
92744,Tm3,acetylcholine
56240,T2,acetylcholine
65034,T2,acetylcholine
84355,Tm3,acetylcholine
41435,Mi1,acetylcholine
75521,T2a,acetylcholine
39692,TmY3,acetylcholine
82699,Tm3,acetylcholine
51199,T2,acetylcholine
83994,T2a,acetylcholine
63175,Mi1,acetylcholine
78484,T2a,acetylcholine
35498,Mi1,acetylcholine
75771,Tm3,acetylcholine
62340,T2,acetylcholine
48060,Mi1,acetylcholine
37438,Mi1,acetylcholine
120992,Tm3,acetylcholine
66275,T2,acetylcholine
77775,T2a,acetylcholine
66528,T2,acetylcholine
512705,LC4,acetylcholine
45696,Mi1,acetylcholine
78856,Tm3,acetylcholine
140596,Tm3,acetylcholine
87452,T2a,acetylcholine
68032,T2a,acetylcholine
61695,T2,acetylcholine
121700,Tm3,acetylcholine
39067,Mi1,acetylcholine
77383,T2a,acetylcholine
514508,LC4,acetylcholine
66372,T2,acetylcholine
82669,T2a,acetylcholine
89573,T2a,acetylcholine
48781,TmY3,acetylcholine
35934,Mi1,acetylcholine
29417,LC4,acetylcholine
79293,Tm3,acetylcholine
23792,LC4,acetylcholine
61622,T2,acetylcholine
73757,T2a,acetylcholine
74905,T2a,acetylcholine
18478,LC4,acetylcholine
37853,Mi1,acetylcholine
518016,LC4,acetylcholine
33462,Mi1,acetylcholine
36275,Mi1,acetylcholine
72279,Mi1,acetylcholine
44438,Mi1,acetylcholine
82656,T2a,acetylcholine
76481,T2a,acetylcholine
41399,Mi1,acetylcholine
72655,Mi1,acetylcholine
78014,T2a,acetylcholine
95853,T2a,acetylcholine
39727,Mi1,acetylcholine
132339,Tm3,acetylcholine
87093,Tm3,acetylcholine
525789,Tm3,acetylcholine
38421,Mi1,acetylcholine
74884,TmY3,acetylcholine
37000,Mi1,acetylcholine
72711,T2,acetylcholine
86685,T2a,acetylcholine
87255,T2a,acetylcholine
70037,TmY3,acetylcholine
88650,Tm3,acetylcholine
542412,Mi1,acetylcholine
22922,LC4,acetylcholine
39688,Mi1,acetylcholine
67332,T2a,acetylcholine
92481,TmY3,acetylcholine
74272,T2,acetylcholine
36452,Mi1,acetylcholine
44282,Mi1,acetylcholine
89248,T2,acetylcholine
66604,TmY3,acetylcholine
63050,T2a,acetylcholine
18127,LC4,acetylcholine
21313,LC4,acetylcholine
57239,Mi1,acetylcholine
138152,Tm3,acetylcholine
31301,LC4,acetylcholine
61835,T2,acetylcholine
87087,T2a,acetylcholine
76038,Tm3,acetylcholine
43872,Mi1,acetylcholine
31429,LC4,acetylcholine
38238,Mi1,acetylcholine
36660,Mi1,acetylcholine
73867,T2,acetylcholine
16917,LC4,acetylcholine
40944,Mi1,acetylcholine
91619,T2a,acetylcholine
79824,Tm3,acetylcholine
78580,T2,acetylcholine
73767,Mi1,acetylcholine
82065,Tm3,acetylcholine
76325,T2a,acetylcholine
59864,Tm3,acetylcholine
37555,Mi1,acetylcholine
42010,TmY3,acetylcholine
63994,Mi1,acetylcholine
43334,TmY3,acetylcholine
87164,T2a,acetylcholine
85310,T2a,acetylcholine
121245,Tm3,acetylcholine
79587,T2a,acetylcholine
27750,LC4,acetylcholine
86536,Tm3,acetylcholine
69980,Tm3,acetylcholine
87390,T2a,acetylcholine
83607,T2a,acetylcholine
37733,TmY3,acetylcholine
89494,T2a,acetylcholine
92993,Tm3,acetylcholine
59361,TmY3,acetylcholine
43615,Mi1,acetylcholine
82976,Tm3,acetylcholine
73619,T2a,acetylcholine
30480,LC4,acetylcholine
33655,Mi1,acetylcholine
79817,Tm3,acetylcholine
81415,T2,acetylcholine
75027,Tm3,acetylcholine
71402,Tm3,acetylcholine
124490,Tm3,acetylcholine
36990,Mi1,acetylcholine
48267,TmY3,acetylcholine
117551,Tm3,acetylcholine
56118,TmY3,acetylcholine
30087,LC4,acetylcholine
112563,Tm3,acetylcholine
41809,Mi1,acetylcholine
89752,T2a,acetylcholine
76268,T2a,acetylcholine
87980,T2a,acetylcholine
85730,Tm3,acetylcholine
72796,Tm3,acetylcholine
87507,T2a,acetylcholine
34479,Mi1,acetylcholine
138000,Tm3,acetylcholine
91940,T2a,acetylcholine
70708,T2,acetylcholine
43414,Mi1,acetylcholine
131034,Tm3,acetylcholine
43485,Mi1,acetylcholine
80866,T2a,acetylcholine
81926,T2,acetylcholine
79134,Tm3,acetylcholine
111579,Tm3,acetylcholine
58224,Mi1,acetylcholine
72501,Mi1,acetylcholine
69961,Tm3,acetylcholine
81995,Tm3,acetylcholine
75118,T2a,acetylcholine
34862,Mi1,acetylcholine
37927,Mi1,acetylcholine
67424,T2,acetylcholine
67614,Mi1,acetylcholine
68412,T2a,acetylcholine
804642,TTMn,unclear
35001,Mi1,acetylcholine
80265,TmY3,acetylcholine
26112,LC4,acetylcholine
66333,T2a,acetylcholine
65315,T2a,acetylcholine
65513,T2a,acetylcholine
89726,T2a,acetylcholine
83161,T2a,acetylcholine
115731,Tm3,acetylcholine
61968,T2,acetylcholine
130280,Tm3,acetylcholine
43924,TmY3,acetylcholine
23098,LC4,acetylcholine
74725,T2a,acetylcholine
80385,Tm3,acetylcholine
36533,Mi1,acetylcholine
66739,Tm3,acetylcholine
38687,Mi1,acetylcholine
68212,T2a,acetylcholine
61370,T2,acetylcholine
78386,T2a,acetylcholine
79197,T2a,acetylcholine
64855,T2,acetylcholine
86038,T2a,acetylcholine
62488,T2,acetylcholine
23392,LC4,acetylcholine
48475,TmY3,acetylcholine
67942,TmY3,acetylcholine
64341,TmY3,acetylcholine
55101,Mi1,acetylcholine
134624,Tm3,acetylcholine
82855,Tm3,acetylcholine
82498,Tm3,acetylcholine
48897,TmY3,acetylcholine
88460,T2a,acetylcholine
77920,Tm3,acetylcholine
91173,T2a,acetylcholine
118173,Tm3,acetylcholine
62851,Tm3,acetylcholine
87005,Tm3,acetylcholine
135612,Tm3,acetylcholine
68494,T2,acetylcholine
70635,Tm3,acetylcholine
41654,Mi1,acetylcholine
78698,Tm3,acetylcholine
80135,T2a,acetylcholine
126163,Tm3,acetylcholine
111380,Tm3,acetylcholine
70413,T2,acetylcholine
89064,T2a,acetylcholine
75308,T2,acetylcholine
75590,T2a,acetylcholine
73716,T2a,acetylcholine
87827,T2a,acetylcholine
48930,TmY3,acetylcholine
63468,Mi1,acetylcholine
85918,T2a,acetylcholine
86347,T2a,acetylcholine
56564,Mi1,acetylcholine
84577,T2a,acetylcholine
73807,Tm3,acetylcholine
80256,T2a,acetylcholine
42594,Mi1,acetylcholine
74807,TmY3,acetylcholine
71652,Tm3,acetylcholine
81074,T2,acetylcholine
84010,Tm3,acetylcholine
37699,Mi1,acetylcholine
132624,Tm3,acetylcholine
76528,Tm3,acetylcholine
82703,T2a,acetylcholine
71134,T2,acetylcholine
40411,Mi1,acetylcholine
60438,T2,acetylcholine
154994,Tm3,acetylcholine
99038,Tm3,acetylcholine
41613,Mi1,acetylcholine
85006,T2a,acetylcholine
69266,Tm3,acetylcholine
34938,Mi1,acetylcholine
79257,Tm3,acetylcholine
69872,T2a,acetylcholine
52485,TmY3,acetylcholine
77910,Tm3,acetylcholine
76003,Tm3,acetylcholine
39595,Mi1,acetylcholine
68713,T2,acetylcholine
84746,T2a,acetylcholine
86981,T2a,acetylcholine
117197,Tm3,acetylcholine
80528,T2a,acetylcholine
41522,Mi1,acetylcholine
144124,Tm3,acetylcholine
76121,Tm3,acetylcholine
46662,TmY3,acetylcholine
70900,Tm3,acetylcholine
80878,T2a,acetylcholine
35572,Mi1,acetylcholine
84981,T2,acetylcholine
68140,Tm3,acetylcholine
69719,Tm3,acetylcholine
68689,T2a,acetylcholine
63820,T2a,acetylcholine
88343,Tm3,acetylcholine
25584,LC4,acetylcholine
76895,T2,acetylcholine
66956,T2,acetylcholine
92652,T2a,acetylcholine
81975,T2a,acetylcholine
62401,T2,acetylcholine
75686,T2a,acetylcholine
77039,T2a,acetylcholine
37353,Mi1,acetylcholine
53065,Mi1,acetylcholine
65373,T2,acetylcholine
80233,T2a,acetylcholine
74853,Tm3,acetylcholine
67295,T2,acetylcholine
62894,Tm3,acetylcholine
87679,Tm3,acetylcholine
38721,Mi1,acetylcholine
77676,T2a,acetylcholine
65440,T2a,acetylcholine
54216,TmY3,acetylcholine
19543,LC4,acetylcholine
38772,Mi1,acetylcholine
67072,T2a,acetylcholine
40171,Mi1,acetylcholine
75746,T2,acetylcholine
88169,T2a,acetylcholine
87318,Tm3,acetylcholine
74442,Tm3,acetylcholine
17266,LC4,acetylcholine
137320,Tm3,acetylcholine
74278,T2a,acetylcholine
17926,LC4,acetylcholine
74937,T2a,acetylcholine
41637,Mi1,acetylcholine
31492,Mi1,acetylcholine
66538,T2,acetylcholine
46324,TmY3,acetylcholine
77344,Tm3,acetylcholine
72045,T2a,acetylcholine
81738,T2a,acetylcholine
72238,T2,acetylcholine
33907,Mi1,acetylcholine
85664,TmY3,acetylcholine
93266,Tm3,acetylcholine
40219,Mi1,acetylcholine
70792,T2,acetylcholine
83045,Tm3,acetylcholine
40577,Mi1,acetylcholine
526832,TmY3,acetylcholine
71408,T2,acetylcholine
71164,Mi1,acetylcholine
80855,Tm3,acetylcholine
81986,Tm3,acetylcholine
56006,T2,acetylcholine
52328,TmY3,acetylcholine
53983,TmY3,acetylcholine
90430,T2a,acetylcholine
66526,T2,acetylcholine
73069,T2,acetylcholine
36646,Mi1,acetylcholine
65512,T2,acetylcholine
39158,Mi1,acetylcholine
60698,TmY3,acetylcholine
100485,LC4,acetylcholine
40599,TmY3,acetylcholine
73447,Tm3,acetylcholine
62912,T2,acetylcholine
118551,Tm3,acetylcholine
73172,T2a,acetylcholine
74303,Mi1,acetylcholine
69406,T2a,acetylcholine
58576,T2,acetylcholine
518983,LC4,acetylcholine
88908,Tm3,acetylcholine
70414,T2a,acetylcholine
89073,T2a,acetylcholine
85608,T2a,acetylcholine
76134,T2a,acetylcholine
38208,Mi1,acetylcholine
67132,TmY3,acetylcholine
40635,Mi1,acetylcholine
39629,Mi1,acetylcholine
65504,T2,acetylcholine
77846,Tm3,acetylcholine
66873,Tm3,acetylcholine
48514,TmY3,acetylcholine
94324,Tm3,acetylcholine
79502,Tm3,acetylcholine
51848,TmY3,acetylcholine
146859,Tm3,acetylcholine
