bodyId,type
10001,DNp01
10010,DNp01
12032,LC4
12349,LC4
12824,LC4
14888,LC4
15018,LC4
16128,LC4
16138,LC4
16628,LC4
16809,LC4
16917,LC4
17054,LC4
17266,LC4
17270,LC4
17340,LC4
17364,LC4
17478,LC4
17548,LC4
17608,LC4
17653,LC4
17668,LC4
17860,LC4
17926,LC4
17987,LC4
18127,LC4
18189,LC4
18396,LC4
18432,LC4
18478,LC4
19260,LC4
19420,LC4
19543,LC4
19550,LC4
19634,LC4
19794,LC4
19954,LC4
20016,LC4
20282,LC4
20399,LC4
20440,LC4
20542,LC4
20572,LC4
20588,LC4
20673,LC4
20808,LC4
20859,LC4
20917,LC4
20967,LC4
20976,LC4
21151,LC4
21165,LC4
21225,LC4
21287,LC4
21313,LC4
21336,LC4
21721,LC4
21804,LC4
22034,LC4
22194,LC4
22328,LC4
22772,LC4
22847,LC4
22922,LC4
22966,LC4
22975,LC4
23098,LC4
23202,LC4
23226,LC4
23392,LC4
23792,LC4
23929,LC4
24338,LC4
24523,LC4
25584,LC4
26112,LC4
27624,LC4
27750,LC4
27829,LC4
28945,LC4
28980,LC4
29417,LC4
29469,LC4
29514,LC4
29563,LC4
30087,LC4
30480,LC4
30803,LC4
31262,LC4
31301,LC4
31308,LC4
31429,LC4
32597,LC4
33137,LC4
34845,LC4
35262,LC4
35616,LC4
37587,LC4
38065,LC4
77614,LC4
81112,LC4
100485,LC4
107513,LC4
111787,LC4
511914,LC4
512366,LC4
512705,LC4
514508,LC4
514956,LC4
515476,LC4
515900,LC4
516909,LC4
517752,LC4
518016,LC4
518439,LC4
518544,LC4
518730,LC4
518983,LC4
519650,LC4
519931,LC4
520449,LC4
524899,LC4
526286,LC4
527408,LC4
530029,LC4
532254,LC4
533129,LC4
535341,LC4
800146,TTMn
804642,TTMn
